FL_DATE,OP_UNIQUE_CARRIER,ORIGIN_AIRPORT_ID,ORIGIN_CITY_MARKET_ID,DEST_AIRPORT_ID,DEST_CITY_MARKET_ID,DEP_DELAY,DEP_DELAY_GROUP,ARR_DELAY,ARR_DELAY_GROUP,CANCELLED,CANCELLATION_CODE,DIVERTED,CRS_ELAPSED_TIME,ACTUAL_ELAPSED_TIME,AIR_TIME,FLIGHTS,DISTANCE,DISTANCE_GROUP,CARRIER_DELAY,WEATHER_DELAY,NAS_DELAY,SECURITY_DELAY,LATE_AIRCRAFT_DELAY
4/1/2020,OH,14100,34100,11267,31267,-7,-1,-18,-2,0,,0,111,100,72,1,477,2,,,,,
4/1/2020,OH,11057,31057,14814,30476,-13,-1,-24,-2,0,,0,160,149,121,1,764,4,,,,,
4/1/2020,OH,14814,30476,11057,31057,-11,-1,-27,-2,0,,0,136,120,98,1,764,4,,,,,
4/1/2020,OH,14100,34100,11193,33105,-9,-1,-30,-2,0,,0,117,96,81,1,507,3,,,,,
4/1/2020,OH,15249,35249,11057,31057,-3,-1,-15,-1,0,,0,88,76,59,1,386,2,,,,,
4/1/2020,OH,11057,31057,14814,30476,-9,-1,-29,-2,0,,0,153,133,114,1,764,4,,,,,
4/1/2020,OH,11057,31057,13795,33795,-9,-1,-21,-2,0,,0,59,47,34,1,191,1,,,,,
4/1/2020,OH,11057,31057,10431,30431,,,,,1,D,0,54,,,1,91,1,,,,,
4/1/2020,OH,10792,30792,11057,31057,-7,-1,-23,-2,0,,0,120,104,82,1,546,3,,,,,
4/1/2020,OH,11057,31057,10792,30792,-10,-1,-17,-2,0,,0,105,98,80,1,546,3,,,,,
4/1/2020,OH,11057,31057,11003,31003,-3,-1,-9,-1,0,,0,139,133,109,1,742,3,,,,,
4/1/2020,OH,10599,30599,11057,31057,-9,-1,-27,-2,0,,0,99,81,54,1,350,2,,,,,
4/1/2020,OH,12992,32600,11057,31057,,,,,1,D,0,122,,,1,640,3,,,,,
4/1/2020,OH,13485,33485,14100,34100,-9,-1,-24,-2,0,,0,126,111,100,1,764,4,,,,,
4/1/2020,OH,14100,34100,13485,33485,-7,-1,-37,-2,0,,0,158,128,108,1,764,4,,,,,
4/1/2020,OH,11057,31057,14098,33667,,,,,1,D,0,75,,,1,282,2,,,,,
4/1/2020,OH,14098,33667,11057,31057,,,,,1,D,0,93,,,1,282,2,,,,,
4/1/2020,OH,11057,31057,14122,30198,-15,-1,-25,-2,0,,0,91,81,63,1,366,2,,,,,
4/1/2020,OH,11278,30852,15249,35249,-14,-1,-32,-2,0,,0,135,117,99,1,716,3,,,,,
4/1/2020,OH,11278,30852,14685,34685,-18,-2,-39,-2,0,,0,117,96,81,1,519,3,,,,,
4/1/2020,OH,11278,30852,15096,35096,,,,,1,D,0,76,,,1,298,2,,,,,
4/1/2020,OH,11057,31057,11252,31252,,,,,1,D,0,86,,,1,416,2,,,,,
4/1/2020,OH,11252,31252,11057,31057,,,,,1,D,0,101,,,1,416,2,,,,,
4/1/2020,OH,11057,31057,12197,31703,-15,-1,-27,-2,0,,0,120,108,88,1,564,3,,,,,
4/1/2020,OH,11278,30852,10529,30529,,,,,1,D,0,76,,,1,313,2,,,,,
4/1/2020,OH,11278,30852,11996,31871,-11,-1,-25,-2,0,,0,93,79,64,1,396,2,,,,,
4/1/2020,OH,11641,31641,11057,31057,,,,,1,D,0,76,,,1,118,1,,,,,
4/1/2020,OH,13931,33667,11057,31057,-8,-1,-24,-2,0,,0,88,72,56,1,290,2,,,,,
4/1/2020,OH,11193,33105,14100,34100,-6,-1,-17,-2,0,,0,98,87,72,1,507,3,,,,,
4/1/2020,OH,11278,30852,11042,30647,,,,,1,D,0,83,,,1,310,2,,,,,
4/1/2020,OH,11042,30647,11278,30852,,,,,1,D,0,85,,,1,310,2,,,,,
4/1/2020,OH,10431,30431,11057,31057,,,,,1,D,0,68,,,1,91,1,,,,,
4/1/2020,OH,11057,31057,10431,30431,,,,,1,D,0,53,,,1,91,1,,,,,
4/1/2020,OH,11057,31057,13342,33342,,,,,1,D,0,131,,,1,651,3,,,,,
4/1/2020,OH,11057,31057,11995,31995,-9,-1,-22,-2,0,,0,50,37,20,1,83,1,,,,,
4/1/2020,OH,14100,34100,14986,34986,-9,-1,-25,-2,0,,0,176,160,131,1,957,4,,,,,
4/1/2020,OH,14986,34986,14100,34100,-21,-2,-13,-1,0,,0,161,169,130,1,957,4,,,,,
4/1/2020,OH,15412,35412,14100,34100,-5,-1,-6,-1,0,,0,109,108,79,1,554,3,,,,,
4/1/2020,OH,11057,31057,13360,33360,,,,,1,D,0,103,,,1,490,2,,,,,
4/1/2020,OH,13360,33360,11057,31057,,,,,1,D,0,112,,,1,490,2,,,,,
4/1/2020,OH,11057,31057,10599,30599,67,4,51,3,0,,0,89,73,54,1,350,2,51,0,0,0,0
4/1/2020,OH,15624,31504,11057,31057,-22,-2,-35,-2,0,,0,106,93,65,1,460,2,,,,,
4/1/2020,OH,13485,33485,11057,31057,-5,-1,-9,-1,0,,0,143,139,99,1,708,3,,,,,
4/1/2020,OH,14685,34685,11278,30852,-7,-1,-15,-1,0,,0,98,90,75,1,519,3,,,,,
4/1/2020,OH,11996,31871,11057,31057,-9,-1,-29,-2,0,,0,67,47,21,1,75,1,,,,,
4/1/2020,OH,13277,33277,11057,31057,,,,,1,D,0,100,,,1,372,2,,,,,
4/1/2020,OH,11057,31057,13277,33277,,,,,1,D,0,95,,,1,372,2,,,,,
4/1/2020,OH,14100,34100,13871,33316,,,,,1,D,0,196,,,1,1088,5,,,,,
4/1/2020,OH,11057,31057,13277,33277,,,,,1,D,0,95,,,1,372,2,,,,,
4/1/2020,OH,11057,31057,15412,35412,-7,-1,-24,-2,0,,0,65,48,34,1,177,1,,,,,
4/1/2020,OH,10208,30208,11057,31057,,,,,1,D,0,69,,,1,140,1,,,,,
4/1/2020,OH,11057,31057,10208,30208,,,,,1,D,0,64,,,1,140,1,,,,,
4/1/2020,OH,13277,33277,11057,31057,,,,,1,D,0,99,,,1,372,2,,,,,
4/1/2020,OH,11057,31057,13485,33485,-8,-1,-17,-2,0,,0,136,127,108,1,708,3,,,,,
4/1/2020,OH,11057,31057,15323,35323,,,,,1,D,0,68,,,1,119,1,,,,,
4/1/2020,OH,10599,30599,11057,31057,,,,,1,D,0,93,,,1,350,2,,,,,
4/1/2020,OH,11057,31057,11986,31986,-9,-1,-30,-2,0,,0,129,108,86,1,583,3,,,,,
4/1/2020,OH,11278,30852,15096,35096,,,,,1,D,0,78,,,1,298,2,,,,,
4/1/2020,OH,15096,35096,11278,30852,,,,,1,D,0,82,,,1,298,2,,,,,
4/1/2020,OH,14193,33728,14100,34100,-15,-1,-24,-2,0,,0,148,139,120,1,935,4,,,,,
4/1/2020,OH,11057,31057,11641,31641,,,,,1,D,0,65,,,1,118,1,,,,,
4/1/2020,OH,11641,31641,11057,31057,,,,,1,D,0,71,,,1,118,1,,,,,
4/1/2020,OH,11057,31057,12217,30255,,,,,1,D,0,89,,,1,333,2,,,,,
4/1/2020,OH,12217,30255,11057,31057,,,,,1,D,0,98,,,1,333,2,,,,,
4/1/2020,OH,15323,35323,11057,31057,,,,,1,D,0,71,,,1,119,1,,,,,
4/1/2020,OH,11057,31057,11146,31146,-7,-1,-22,-2,0,,0,75,60,43,1,221,1,,,,,
4/1/2020,OH,11146,31146,11057,31057,-9,-1,-32,-2,0,,0,81,58,38,1,221,1,,,,,
4/1/2020,OH,11278,30852,12884,32884,,,,,1,D,0,107,,,1,479,2,,,,,
4/1/2020,OH,12884,32884,11278,30852,,,,,1,D,0,93,,,1,479,2,,,,,
4/1/2020,OH,11057,31057,11641,31641,,,,,1,D,0,51,,,1,118,1,,,,,
4/1/2020,OH,11641,31641,11057,31057,,,,,1,D,0,69,,,1,118,1,,,,,
4/1/2020,OH,11057,31057,13296,30721,,,,,1,D,0,128,,,1,737,3,,,,,
4/1/2020,OH,14730,33044,11057,31057,-8,-1,-13,-1,0,,0,92,87,53,1,335,2,,,,,
4/1/2020,OH,11057,31057,15624,31504,,,,,1,D,0,109,,,1,460,2,,,,,
4/1/2020,OH,15624,31504,11057,31057,,,,,1,D,0,106,,,1,460,2,,,,,
4/1/2020,OH,14492,34492,11278,30852,,,,,1,D,0,74,,,1,227,1,,,,,
4/1/2020,OH,14492,34492,11278,30852,,,,,1,D,0,65,,,1,227,1,,,,,
4/1/2020,OH,11057,31057,15249,35249,-5,-1,-20,-2,0,,0,94,79,59,1,386,2,,,,,
4/1/2020,OH,15249,35249,11057,31057,-11,-1,-20,-2,0,,0,97,88,62,1,386,2,,,,,
4/1/2020,OH,11057,31057,13296,30721,112,7,106,7,0,,0,133,127,109,1,737,3,106,0,0,0,0
4/1/2020,OH,12339,32337,14100,34100,,,,,1,D,0,112,,,1,588,3,,,,,
4/1/2020,OH,14100,34100,12339,32337,,,,,1,D,0,126,,,1,588,3,,,,,
4/1/2020,OH,11278,30852,10581,30581,,,,,1,D,0,108,,,1,590,3,,,,,
4/1/2020,OH,14100,34100,14685,34685,-13,-1,-26,-2,0,,0,118,105,85,1,629,3,,,,,
4/1/2020,OH,11057,31057,12264,30852,,,,,1,D,0,80,,,1,322,2,,,,,
4/1/2020,OH,12264,30852,11057,31057,,,,,1,D,0,100,,,1,322,2,,,,,
4/1/2020,OH,11278,30852,11193,33105,-17,-2,-37,-2,0,,0,100,80,65,1,411,2,,,,,
4/1/2020,OH,14685,34685,11057,31057,-8,-1,-13,-1,0,,0,68,63,43,1,213,1,,,,,
4/1/2020,OH,13296,30721,11057,31057,-7,-1,-35,-2,0,,0,160,132,114,1,737,3,,,,,
4/1/2020,OH,11057,31057,12217,30255,-3,-1,-20,-2,0,,0,98,81,59,1,333,2,,,,,
4/1/2020,OH,12217,30255,11057,31057,-7,-1,-17,-2,0,,0,100,90,57,1,333,2,,,,,
4/1/2020,OH,11423,31423,11057,31057,-5,-1,-26,-2,0,,0,153,132,104,1,815,4,,,,,
4/1/2020,OH,12197,31703,11278,30852,,,,,1,D,0,69,,,1,234,1,,,,,
4/1/2020,OH,11057,31057,13577,31135,42,2,25,1,0,,0,58,41,26,1,157,1,25,0,0,0,0
4/1/2020,OH,14122,30198,11278,30852,-12,-1,-26,-2,0,,0,76,62,43,1,204,1,,,,,
4/1/2020,OH,11057,31057,10397,30397,,,,,1,D,0,81,,,1,226,1,,,,,
4/1/2020,OH,11057,31057,12992,32600,,,,,1,D,0,138,,,1,640,3,,,,,
4/1/2020,OH,12992,32600,11057,31057,,,,,1,D,0,120,,,1,640,3,,,,,
4/1/2020,OH,11057,31057,14685,34685,-7,-1,-13,-1,0,,0,67,61,40,1,213,1,,,,,
4/1/2020,OH,11057,31057,12992,32600,4,0,0,0,0,,0,136,132,103,1,640,3,,,,,
4/1/2020,OH,14100,34100,11267,31267,-14,-1,-34,-2,0,,0,102,82,65,1,477,2,,,,,
4/1/2020,OH,11057,31057,11641,31641,-12,-1,-24,-2,0,,0,50,38,25,1,118,1,,,,,
4/1/2020,OH,11057,31057,13485,33485,-14,-1,-18,-2,0,,0,134,130,109,1,708,3,,,,,
4/1/2020,OH,13485,33485,11057,31057,-14,-1,-31,-2,0,,0,132,115,97,1,708,3,,,,,
4/1/2020,OH,12953,31703,11267,31267,,,,,1,D,0,133,,,1,549,3,,,,,
4/1/2020,OH,14100,34100,13931,33667,-13,-1,-30,-2,0,,0,64,47,23,1,212,1,,,,,
4/1/2020,OH,11057,31057,11066,31066,,,,,1,D,0,90,,,1,347,2,,,,,
4/1/2020,OH,11066,31066,11057,31057,,,,,1,D,0,93,,,1,347,2,,,,,
4/1/2020,OH,13577,31135,14100,34100,,,,,1,D,0,99,,,1,473,2,,,,,
4/1/2020,OH,14100,34100,13577,31135,,,,,1,D,0,104,,,1,473,2,,,,,
4/1/2020,OH,11057,31057,15624,31504,-6,-1,-13,-1,0,,0,106,99,77,1,460,2,,,,,
4/1/2020,OH,11057,31057,10868,30868,-7,-1,-19,-2,0,,0,53,41,24,1,88,1,,,,,
4/1/2020,OH,11057,31057,10599,30599,,,,,1,D,0,96,,,1,350,2,,,,,
4/1/2020,OH,11057,31057,11193,33105,,,,,1,D,0,88,,,1,335,2,,,,,
4/1/2020,OH,11193,33105,11057,31057,,,,,1,D,0,106,,,1,335,2,,,,,
4/1/2020,OH,11057,31057,11433,31295,,,,,1,D,0,118,,,1,500,3,,,,,
4/1/2020,OH,11057,31057,15624,31504,,,,,1,D,0,110,,,1,460,2,,,,,
4/1/2020,OH,15624,31504,11057,31057,,,,,1,D,0,106,,,1,460,2,,,,,
4/1/2020,OO,14107,30466,13796,32457,,,,,1,D,0,129,,,1,646,3,,,,,
4/1/2020,OO,10693,30693,13930,30977,-12,-1,-20,-2,0,,0,109,101,73,1,409,2,,,,,
4/1/2020,OO,13796,32457,14107,30466,-6,-1,-28,-2,0,,0,117,95,83,1,646,3,,,,,
4/1/2020,OO,14730,33044,13930,30977,-9,-1,-13,-1,0,,0,98,94,68,1,286,2,,,,,
4/1/2020,OO,15376,30436,12892,32575,-7,-1,-31,-2,0,,0,111,87,67,1,451,2,,,,,
4/1/2020,OO,13930,30977,11111,32474,-10,-1,-25,-2,0,,0,87,72,47,1,315,2,,,,,
4/1/2020,OO,11638,31638,12892,32575,,,,,1,D,0,75,,,1,209,1,,,,,
4/1/2020,OO,12892,32575,11638,31638,,,,,1,D,0,70,,,1,209,1,,,,,
4/1/2020,OO,11638,31638,14107,30466,,,,,1,D,0,99,,,1,493,2,,,,,
4/1/2020,OO,14107,30466,11638,31638,,,,,1,D,0,102,,,1,493,2,,,,,
4/1/2020,OO,12892,32575,14869,34614,-9,-1,-12,-1,0,,0,112,109,89,1,590,3,,,,,
4/1/2020,OO,14869,34614,12892,32575,-10,-1,-25,-2,0,,0,125,110,92,1,590,3,,,,,
4/1/2020,OO,13930,30977,10693,30693,-4,-1,-15,-1,0,,0,90,79,58,1,409,2,,,,,
4/1/2020,OO,13930,30977,11267,31267,-11,-1,-24,-2,0,,0,78,65,43,1,240,1,,,,,
4/1/2020,OO,11298,30194,11695,31695,-13,-1,-5,-1,0,,0,152,160,136,1,853,4,,,,,
4/1/2020,OO,11695,31695,11298,30194,-14,-1,-24,-2,0,,0,152,142,103,1,853,4,,,,,
4/1/2020,OO,16218,33785,14107,30466,-10,-1,-18,-2,0,,0,53,45,27,1,160,1,,,,,
4/1/2020,OO,11433,31295,13930,30977,,,,,1,D,0,91,,,1,235,1,,,,,
4/1/2020,OO,10155,30155,11298,30194,-11,-1,-14,-1,0,,0,53,50,27,1,89,1,,,,,
4/1/2020,OO,14489,34489,12892,32575,-14,-1,-33,-2,0,,0,154,135,102,1,726,3,,,,,
4/1/2020,OO,11298,30194,11953,31953,-8,-1,-24,-2,0,,0,140,124,104,1,900,4,,,,,
4/1/2020,OO,11953,31953,11298,30194,-16,-2,-26,-2,0,,0,172,162,142,1,900,4,,,,,
4/1/2020,OO,11638,31638,14107,30466,-8,-1,-23,-2,0,,0,101,86,72,1,493,2,,,,,
4/1/2020,OO,13930,30977,11423,31423,-6,-1,-21,-2,0,,0,85,70,52,1,299,2,,,,,
4/1/2020,OO,11298,30194,11695,31695,-8,-1,-3,-1,0,,0,148,153,129,1,853,4,,,,,
4/1/2020,OO,11695,31695,11298,30194,-4,-1,-19,-2,0,,0,145,130,104,1,853,4,,,,,
4/1/2020,OO,10693,30693,13930,30977,,,,,1,D,0,119,,,1,409,2,,,,,
4/1/2020,OO,13930,30977,10693,30693,,,,,1,D,0,94,,,1,409,2,,,,,
4/1/2020,OO,14107,30466,14262,34262,,,,,1,D,0,70,,,1,261,2,,,,,
4/1/2020,OO,14262,34262,14107,30466,,,,,1,D,0,68,,,1,261,2,,,,,
4/1/2020,OO,14107,30466,14689,34689,,,,,1,D,0,104,,,1,455,2,,,,,
4/1/2020,OO,14689,34689,14107,30466,,,,,1,D,0,91,,,1,455,2,,,,,
4/1/2020,OO,11423,31423,13930,30977,-9,-1,-30,-2,0,,0,85,64,46,1,299,2,,,,,
4/1/2020,OO,11433,31295,13930,30977,-10,-1,-30,-2,0,,0,87,67,46,1,235,1,,,,,
4/1/2020,OO,14107,30466,14489,34489,-8,-1,-18,-2,0,,0,156,146,128,1,893,4,,,,,
4/1/2020,OO,13930,30977,11433,31295,-13,-1,-41,-2,0,,0,92,64,44,1,235,1,,,,,
4/1/2020,OO,14107,30466,16218,33785,,,,,1,D,0,56,,,1,160,1,,,,,
4/1/2020,OO,11298,30194,10155,30155,-20,-2,-33,-2,0,,0,50,37,19,1,89,1,,,,,
4/1/2020,OO,11298,30194,10693,30693,-2,-1,-16,-2,0,,0,116,102,75,1,631,3,,,,,
4/1/2020,OO,13851,33851,11298,30194,-2,-1,-9,-1,0,,0,66,59,35,1,175,1,,,,,
4/1/2020,OO,13930,30977,14730,33044,-16,-2,-27,-2,0,,0,76,65,47,1,286,2,,,,,
4/1/2020,OO,13930,30977,14730,33044,-6,-1,-24,-2,0,,0,77,59,45,1,286,2,,,,,
4/1/2020,OO,14730,33044,13930,30977,-8,-1,-22,-2,0,,0,92,78,60,1,286,2,,,,,
4/1/2020,OO,14107,30466,16218,33785,-7,-1,-18,-2,0,,0,61,50,32,1,160,1,,,,,
4/1/2020,OO,16218,33785,14107,30466,102,6,109,7,0,,0,59,66,33,1,160,1,102,0,7,0,0
4/1/2020,OO,11298,30194,13851,33851,-11,-1,-2,-1,0,,0,65,74,42,1,175,1,,,,,
4/1/2020,OO,12892,32575,11603,31603,-9,-1,-19,-2,0,,0,138,128,114,1,748,3,,,,,
4/1/2020,OO,13930,30977,11433,31295,,,,,1,D,0,86,,,1,235,1,,,,,
4/1/2020,OO,14107,30466,13851,33851,-10,-1,-21,-2,0,,0,130,119,99,1,833,4,,,,,
4/1/2020,OO,13851,33851,14107,30466,-6,-1,-4,-1,0,,0,157,159,134,1,833,4,,,,,
4/1/2020,OO,13930,30977,11721,31721,,,,,1,D,0,68,,,1,223,1,,,,,
4/1/2020,OO,14869,34614,13930,30977,-9,-1,-22,-2,0,,0,193,180,138,1,1250,6,,,,,
4/1/2020,OO,11111,32474,13930,30977,-8,-1,-6,-1,0,,0,83,85,53,1,315,2,,,,,
4/1/2020,OO,11298,30194,11953,31953,-7,-1,-29,-2,0,,0,144,122,104,1,900,4,,,,,
4/1/2020,OO,11953,31953,11298,30194,,,,,1,B,0,175,,,1,900,4,,,,,
4/1/2020,OO,12217,30255,11298,30194,-6,-1,-3,-1,0,,0,135,138,101,1,603,3,,,,,
4/1/2020,OO,11721,31721,13930,30977,,,,,1,D,0,84,,,1,223,1,,,,,
4/1/2020,OO,11298,30194,12217,30255,-12,-1,-10,-1,0,,0,109,111,74,1,603,3,,,,,
4/1/2020,OO,11298,30194,14698,34236,-8,-1,0,0,0,,0,228,236,204,1,1360,6,,,,,
4/1/2020,OO,14698,34236,11298,30194,-15,-1,-23,-2,0,,0,199,191,158,1,1360,6,,,,,
4/1/2020,OO,11003,31003,13930,30977,-10,-1,-31,-2,0,,0,76,55,37,1,196,1,,,,,
4/1/2020,OO,13930,30977,11003,31003,-6,-1,-24,-2,0,,0,74,56,39,1,196,1,,,,,
4/1/2020,OO,12197,31703,13930,30977,,,,,1,D,0,160,,,1,738,3,,,,,
4/1/2020,OO,10155,30155,11298,30194,-23,-2,-37,-2,0,,0,55,41,25,1,89,1,,,,,
4/1/2020,OO,11298,30194,10155,30155,-11,-1,-17,-2,0,,0,52,46,18,1,89,1,,,,,
4/1/2020,OO,11267,31267,13930,30977,-3,-1,-28,-2,0,,0,90,65,47,1,240,1,,,,,
4/1/2020,OO,13930,30977,11267,31267,-6,-1,-26,-2,0,,0,74,54,41,1,240,1,,,,,
4/1/2020,OO,12892,32575,14869,34614,-10,-1,-27,-2,0,,0,111,94,81,1,590,3,,,,,
4/1/2020,OO,11049,31049,11298,30194,,,,,1,D,0,65,,,1,164,1,,,,,
4/1/2020,OO,11298,30194,11049,31049,,,,,1,D,0,62,,,1,164,1,,,,,
4/1/2020,OO,16218,33785,11298,30194,67,4,43,2,0,,0,158,134,117,1,1022,5,43,0,0,0,0
4/1/2020,OO,11298,30194,16218,33785,-12,-1,-6,-1,0,,0,179,185,161,1,1022,5,,,,,
4/1/2020,OO,12892,32575,14489,34489,20,1,1,0,0,,0,135,116,101,1,726,3,,,,,
4/1/2020,OO,12339,32337,13930,30977,-7,-1,-19,-2,0,,0,79,67,40,1,177,1,,,,,
4/1/2020,OO,10693,30693,13930,30977,,,,,1,B,0,111,,,1,409,2,,,,,
4/1/2020,OO,11298,30194,11982,31982,,,,,1,D,0,59,,,1,134,1,,,,,
4/1/2020,OO,11982,31982,11298,30194,,,,,1,D,0,63,,,1,134,1,,,,,
4/1/2020,OO,14107,30466,14698,34236,-11,-1,-25,-2,0,,0,103,89,73,1,509,3,,,,,
4/1/2020,OO,14698,34236,14107,30466,-14,-1,-25,-2,0,,0,93,82,69,1,509,3,,,,,
4/1/2020,OO,11003,31003,13930,30977,,,,,1,D,0,73,,,1,196,1,,,,,
4/1/2020,OO,13930,30977,11003,31003,,,,,1,D,0,68,,,1,196,1,,,,,
4/1/2020,OO,14489,34489,14107,30466,0,0,-19,-2,0,,0,149,130,110,1,893,4,,,,,
4/1/2020,OO,13930,30977,12197,31703,,,,,1,D,0,131,,,1,738,3,,,,,
4/1/2020,OO,12892,32575,15376,30436,,,,,1,D,0,87,,,1,451,2,,,,,
4/1/2020,OO,11298,30194,14814,30476,,,,,1,D,0,61,,,1,190,1,,,,,
4/1/2020,OO,14814,30476,11298,30194,,,,,1,D,0,75,,,1,190,1,,,,,
4/1/2020,OO,11298,30194,14814,30476,,,,,1,D,0,69,,,1,190,1,,,,,
4/1/2020,OO,14814,30476,11298,30194,,,,,1,D,0,71,,,1,190,1,,,,,
4/1/2020,OO,11003,31003,13930,30977,-12,-1,-18,-2,0,,0,86,80,36,1,196,1,,,,,
4/1/2020,OO,13930,30977,11003,31003,,,,,1,D,0,68,,,1,196,1,,,,,
4/1/2020,OO,13930,30977,11423,31423,-8,-1,-17,-2,0,,0,83,74,52,1,299,2,,,,,
4/1/2020,OO,11423,31423,13930,30977,-9,-1,-20,-2,0,,0,83,72,47,1,299,2,,,,,
4/1/2020,OO,14107,30466,11638,31638,,,,,1,D,0,108,,,1,493,2,,,,,
4/1/2020,OO,12892,32575,13264,33264,-12,-1,-18,-2,0,,0,124,118,100,1,630,3,,,,,
4/1/2020,OO,13930,30977,12339,32337,10,0,-4,-1,0,,0,63,49,32,1,177,1,,,,,
4/1/2020,OO,13930,30977,15380,35380,-10,-1,-25,-2,0,,0,71,56,40,1,224,1,,,,,
4/1/2020,OO,15380,35380,13930,30977,-9,-1,37,2,0,,0,78,124,46,1,224,1,0,0,37,0,0
4/1/2020,OO,11603,31603,14107,30466,-9,-1,-21,-2,0,,0,152,140,119,1,952,4,,,,,
4/1/2020,OO,11921,31921,14107,30466,,,,,1,D,0,99,,,1,438,2,,,,,
4/1/2020,OO,14107,30466,11921,31921,,,,,1,D,0,98,,,1,438,2,,,,,
4/1/2020,OO,14107,30466,14689,34689,,,,,1,D,0,99,,,1,455,2,,,,,
4/1/2020,OO,14689,34689,14107,30466,-9,-1,-22,-2,0,,0,91,78,64,1,455,2,,,,,
4/1/2020,OO,13342,33342,13930,30977,,,,,1,D,0,58,,,1,67,1,,,,,
4/1/2020,OO,13930,30977,13342,33342,,,,,1,D,0,50,,,1,67,1,,,,,
4/1/2020,OO,13930,30977,13851,33851,1,0,-23,-2,0,,0,140,116,105,1,693,3,,,,,
4/1/2020,OO,13485,33485,13930,30977,,,,,1,D,0,63,,,1,109,1,,,,,
4/1/2020,OO,13930,30977,14869,34614,,,,,1,D,0,216,,,1,1250,6,,,,,
4/1/2020,OO,14869,34614,13930,30977,,,,,1,D,0,191,,,1,1250,6,,,,,
4/1/2020,OO,14107,30466,14674,34674,,,,,1,D,0,79,,,1,370,2,,,,,
4/1/2020,OO,14674,34674,14107,30466,,,,,1,D,0,96,,,1,370,2,,,,,
4/1/2020,OO,13930,30977,15380,35380,-12,-1,-18,-2,0,,0,66,60,42,1,224,1,,,,,
4/1/2020,OO,14107,30466,14262,34262,,,,,1,D,0,70,,,1,261,2,,,,,
4/1/2020,OO,13264,33264,12892,32575,-13,-1,-35,-2,0,,0,127,105,88,1,630,3,,,,,
4/1/2020,OO,13930,30977,11721,31721,,,,,1,D,0,66,,,1,223,1,,,,,
4/1/2020,OO,11423,31423,13930,30977,,,,,1,D,0,84,,,1,299,2,,,,,
4/1/2020,OO,13930,30977,11423,31423,,,,,1,D,0,84,,,1,299,2,,,,,
4/1/2020,OO,11603,31603,12892,32575,-13,-1,-31,-2,0,,0,139,121,98,1,748,3,,,,,
4/1/2020,OO,13264,33264,14107,30466,-13,-1,-22,-2,0,,0,137,128,107,1,854,4,,,,,
4/1/2020,OO,12892,32575,11638,31638,,,,,1,D,0,68,,,1,209,1,,,,,
4/1/2020,OO,13930,30977,14869,34614,-5,-1,-17,-2,0,,0,218,206,187,1,1250,6,,,,,
4/1/2020,OO,14107,30466,16218,33785,,,,,1,D,0,57,,,1,160,1,,,,,
4/1/2020,OO,16218,33785,14107,30466,,,,,1,D,0,60,,,1,160,1,,,,,
4/1/2020,OO,14262,34262,14107,30466,-8,-1,-23,-2,0,,0,69,54,43,1,261,2,,,,,
4/1/2020,OO,13198,33198,13930,30977,,,,,1,D,0,94,,,1,403,2,,,,,
4/1/2020,OO,13930,30977,13198,33198,,,,,1,D,0,94,,,1,403,2,,,,,
4/1/2020,OO,10693,30693,11298,30194,-13,-1,-28,-2,0,,0,134,119,97,1,631,3,,,,,
4/1/2020,OO,11603,31603,12892,32575,-5,-1,-37,-2,0,,0,152,120,102,1,748,3,,,,,
4/1/2020,OO,13342,33342,13930,30977,,,,,1,D,0,59,,,1,67,1,,,,,
4/1/2020,OO,13930,30977,13342,33342,,,,,1,D,0,49,,,1,67,1,,,,,
4/1/2020,OO,10990,30990,13930,30977,-9,-1,-26,-2,0,,0,131,114,88,1,566,3,,,,,
4/1/2020,OO,10990,30990,13930,30977,-18,-2,-40,-2,0,,0,134,112,94,1,566,3,,,,,
4/1/2020,OO,13930,30977,10990,30990,-10,-1,-18,-2,0,,0,111,103,86,1,566,3,,,,,
4/1/2020,OO,13930,30977,13241,33241,-14,-1,-27,-2,0,,0,126,113,89,1,667,3,,,,,
4/1/2020,OO,11612,31612,13930,30977,,,,,1,D,0,101,,,1,272,2,,,,,
4/1/2020,OO,13930,30977,11612,31612,,,,,1,D,0,80,,,1,272,2,,,,,
4/1/2020,OO,10874,30647,13930,30977,,,,,1,D,0,97,,,1,343,2,,,,,
4/1/2020,OO,13930,30977,10874,30647,,,,,1,D,0,85,,,1,343,2,,,,,
4/1/2020,OO,10874,30647,13930,30977,-5,-1,-29,-2,0,,0,105,81,62,1,343,2,,,,,
4/1/2020,OO,13930,30977,10990,30990,-9,-1,-29,-2,0,,0,113,93,74,1,566,3,,,,,
4/1/2020,OO,11233,31233,11298,30194,-9,-1,-23,-2,0,,0,136,122,92,1,713,3,,,,,
4/1/2020,OO,11298,30194,14109,34109,-14,-1,-30,-2,0,,0,93,77,60,1,462,2,,,,,
4/1/2020,OO,14109,34109,11298,30194,-23,-2,-48,-2,0,,0,119,94,76,1,462,2,,,,,
4/1/2020,OO,14107,30466,14794,34794,-12,-1,-22,-2,0,,0,71,61,46,1,262,2,,,,,
4/1/2020,OO,11612,31612,13930,30977,,,,,1,D,0,96,,,1,272,2,,,,,
4/1/2020,OO,13930,30977,11612,31612,,,,,1,D,0,75,,,1,272,2,,,,,
4/1/2020,OO,11298,30194,11233,31233,,,,,1,D,0,137,,,1,713,3,,,,,
4/1/2020,OO,11109,30189,14107,30466,-10,-1,-28,-2,0,,0,118,100,86,1,551,3,,,,,
4/1/2020,OO,14107,30466,11109,30189,-5,-1,-18,-2,0,,0,117,104,79,1,551,3,,,,,
4/1/2020,OO,14107,30466,11109,30189,-5,-1,-12,-1,0,,0,109,102,79,1,551,3,,,,,
4/1/2020,OO,11109,30189,14107,30466,-9,-1,-14,-1,0,,0,125,120,92,1,551,3,,,,,
4/1/2020,OO,13241,33241,11298,30194,-3,-1,-12,-1,0,,0,119,110,89,1,485,2,,,,,
4/1/2020,OO,13930,30977,10874,30647,,,,,1,D,0,86,,,1,343,2,,,,,
4/1/2020,OO,11298,30194,14794,34794,-9,-1,3,0,0,,0,175,187,163,1,976,4,,,,,
4/1/2020,OO,14794,34794,14107,30466,-11,-1,-11,-1,0,,0,69,69,46,1,262,2,,,,,
4/1/2020,OO,11298,30194,14109,34109,14,0,3,0,0,,0,91,80,60,1,462,2,,,,,
4/1/2020,OO,14109,34109,11298,30194,0,0,-28,-2,0,,0,122,94,76,1,462,2,,,,,
4/1/2020,OO,11298,30194,13241,33241,-2,-1,-20,-2,0,,0,99,81,62,1,485,2,,,,,
4/1/2020,OO,13241,33241,13930,30977,-10,-1,-27,-2,0,,0,145,128,112,1,667,3,,,,,
4/1/2020,OO,11146,31146,13930,30977,-13,-1,-29,-2,0,,0,118,102,78,1,416,2,,,,,
4/1/2020,OO,13930,30977,11146,31146,-9,-1,-20,-2,0,,0,90,79,62,1,416,2,,,,,
4/1/2020,OO,14107,30466,14794,34794,,,,,1,D,0,71,,,1,262,2,,,,,
4/1/2020,OO,14794,34794,14107,30466,,,,,1,D,0,71,,,1,262,2,,,,,
4/1/2020,OO,14794,34794,14107,30466,-1,-1,-8,-1,0,,0,67,60,47,1,262,2,,,,,
4/1/2020,OO,14107,30466,14794,34794,-4,-1,-12,-1,0,,0,78,70,44,1,262,2,,,,,
4/1/2020,OO,14794,34794,11298,30194,-7,-1,-22,-2,0,,0,156,141,117,1,976,4,,,,,
4/1/2020,OO,14107,30466,14457,34457,-10,-1,-24,-2,0,,0,139,125,109,1,876,4,,,,,
4/1/2020,OO,14457,34457,14107,30466,-22,-2,-13,-1,0,,0,159,168,132,1,876,4,,,,,
4/1/2020,OO,13930,30977,14576,34576,,,,,1,D,0,103,,,1,528,3,,,,,
4/1/2020,OO,14576,34576,13930,30977,,,,,1,D,0,120,,,1,528,3,,,,,
4/1/2020,OO,13851,33851,13930,30977,-9,-1,-35,-2,0,,0,129,103,89,1,693,3,,,,,
4/1/2020,OO,14107,30466,14588,34588,-6,-1,-22,-2,0,,0,101,85,62,1,433,2,,,,,
4/1/2020,OO,14588,34588,14107,30466,-15,-1,-9,-1,0,,0,100,106,82,1,433,2,,,,,
4/1/2020,OO,13930,30977,11823,31823,-8,-1,-15,-1,0,,0,62,55,34,1,157,1,,,,,
4/1/2020,OO,12892,32575,14869,34614,0,0,-13,-1,0,,0,116,103,80,1,590,3,,,,,
4/1/2020,OO,14869,34614,12892,32575,-10,-1,-31,-2,0,,0,123,102,88,1,590,3,,,,,
4/1/2020,OO,13290,33290,11298,30194,-10,-1,-36,-2,0,,0,111,85,64,1,431,2,,,,,
4/1/2020,OO,11298,30194,14674,34674,,,,,1,D,0,115,,,1,551,3,,,,,
4/1/2020,OO,14674,34674,11298,30194,,,,,1,D,0,107,,,1,551,3,,,,,
4/1/2020,OO,14107,30466,14262,34262,,,,,1,D,0,73,,,1,261,2,,,,,
4/1/2020,OO,14262,34262,14107,30466,,,,,1,D,0,70,,,1,261,2,,,,,
4/1/2020,OO,11423,31423,11298,30194,-6,-1,-24,-2,0,,0,135,117,94,1,624,3,,,,,
4/1/2020,OO,14107,30466,11603,31603,-10,-1,-13,-1,0,,0,162,159,145,1,952,4,,,,,
4/1/2020,OO,13851,33851,12892,32575,21,1,6,0,0,,0,199,184,166,1,1187,5,,,,,
4/1/2020,OO,15380,35380,13930,30977,-13,-1,-30,-2,0,,0,80,63,47,1,224,1,,,,,
4/1/2020,OO,11298,30194,11423,31423,-6,-1,-13,-1,0,,0,120,113,92,1,624,3,,,,,
4/1/2020,OO,14107,30466,14698,34236,-6,-1,-15,-1,0,,0,100,91,74,1,509,3,,,,,
4/1/2020,OO,14698,34236,14107,30466,8,0,3,0,0,,0,95,90,73,1,509,3,,,,,
4/1/2020,OO,11977,31977,13930,30977,-10,-1,-33,-2,0,,0,78,55,39,1,174,1,,,,,
4/1/2020,OO,11298,30194,12891,32891,-7,-1,-10,-1,0,,0,59,56,33,1,140,1,,,,,
4/1/2020,OO,12892,32575,11603,31603,-10,-1,-20,-2,0,,0,137,127,114,1,748,3,,,,,
4/1/2020,OO,13930,30977,13485,33485,,,,,1,D,0,60,,,1,109,1,,,,,
4/1/2020,OO,13485,33485,13930,30977,-12,-1,-34,-2,0,,0,63,41,25,1,109,1,,,,,
4/1/2020,OO,13930,30977,11433,31295,,,,,1,D,0,85,,,1,235,1,,,,,
4/1/2020,OO,14107,30466,14698,34236,,,,,1,D,0,102,,,1,509,3,,,,,
4/1/2020,OO,14698,34236,14107,30466,,,,,1,D,0,99,,,1,509,3,,,,,
4/1/2020,OO,13930,30977,13485,33485,-6,-1,-17,-2,0,,0,60,49,28,1,109,1,,,,,
4/1/2020,OO,14107,30466,14698,34236,-9,-1,-16,-2,0,,0,110,103,79,1,509,3,,,,,
4/1/2020,OO,14698,34236,14107,30466,-11,-1,-25,-2,0,,0,101,87,73,1,509,3,,,,,
4/1/2020,OO,11111,32474,11298,30194,-12,-1,-25,-2,0,,0,110,97,73,1,489,2,,,,,
4/1/2020,OO,13930,30977,11423,31423,-8,-1,-23,-2,0,,0,85,70,50,1,299,2,,,,,
4/1/2020,OO,13930,30977,14783,34783,,,,,1,D,0,103,,,1,438,2,,,,,
4/1/2020,OO,14783,34783,13930,30977,,,,,1,D,0,101,,,1,438,2,,,,,
4/1/2020,OO,11298,30194,14952,34952,-9,-1,-27,-2,0,,0,112,94,78,1,630,3,,,,,
4/1/2020,OO,14952,34952,11298,30194,-3,-1,-28,-2,0,,0,128,103,89,1,630,3,,,,,
4/1/2020,OO,13377,33377,11298,30194,-12,-1,-28,-2,0,,0,82,66,51,1,293,2,,,,,
4/1/2020,OO,11298,30194,15412,35412,,,,,1,D,0,125,,,1,771,4,,,,,
4/1/2020,OO,15412,35412,11298,30194,,,,,1,D,0,152,,,1,771,4,,,,,
4/1/2020,OO,11298,30194,13377,33377,,,,,1,D,0,75,,,1,293,2,,,,,
4/1/2020,OO,12891,32891,11298,30194,-12,-1,-20,-2,0,,0,57,49,28,1,140,1,,,,,
4/1/2020,OO,11823,31823,11298,30194,-6,-1,-26,-2,0,,0,161,141,124,1,859,4,,,,,
4/1/2020,OO,13930,30977,11111,32474,0,0,-14,-1,0,,0,86,72,51,1,315,2,,,,,
4/1/2020,OO,11298,30194,11778,31778,-18,-2,-25,-2,0,,0,66,59,38,1,227,1,,,,,
4/1/2020,OO,11823,31823,13930,30977,-11,-1,-28,-2,0,,0,70,53,38,1,157,1,,,,,
4/1/2020,OO,13930,30977,15096,35096,,,,,1,D,0,109,,,1,607,3,,,,,
4/1/2020,OO,15096,35096,13930,30977,,,,,1,D,0,138,,,1,607,3,,,,,
4/1/2020,OO,11298,30194,14952,34952,-6,-1,-12,-1,0,,0,118,112,82,1,630,3,,,,,
4/1/2020,OO,11778,31778,11298,30194,-11,-1,-27,-2,0,,0,78,62,41,1,227,1,,,,,
4/1/2020,OO,14952,34952,11298,30194,-8,-1,-22,-2,0,,0,140,126,92,1,630,3,,,,,
4/1/2020,OO,13930,30977,15096,35096,,,,,1,D,0,111,,,1,607,3,,,,,
4/1/2020,OO,15096,35096,13930,30977,,,,,1,D,0,134,,,1,607,3,,,,,
4/1/2020,OO,11298,30194,14696,34696,-6,-1,-23,-2,0,,0,141,124,105,1,846,4,,,,,
4/1/2020,OO,11695,31695,14107,30466,-8,-1,-17,-2,0,,0,52,43,28,1,119,1,,,,,
4/1/2020,OO,14107,30466,11695,31695,-10,-1,-22,-2,0,,0,51,39,25,1,119,1,,,,,
4/1/2020,OO,13930,30977,15096,35096,,,,,1,D,0,109,,,1,607,3,,,,,
4/1/2020,OO,15096,35096,13930,30977,,,,,1,D,0,135,,,1,607,3,,,,,
4/1/2020,OO,10257,30257,13930,30977,,,,,1,D,0,148,,,1,723,3,,,,,
4/1/2020,OO,13930,30977,10257,30257,,,,,1,D,0,122,,,1,723,3,,,,,
4/1/2020,OO,11298,30194,15323,35323,-2,-1,-30,-2,0,,0,144,116,100,1,868,4,,,,,
4/1/2020,OO,15323,35323,11298,30194,-8,-1,-21,-2,0,,0,165,152,136,1,868,4,,,,,
4/1/2020,OO,11111,32474,13930,30977,-10,-1,-26,-2,0,,0,86,70,51,1,315,2,,,,,
4/1/2020,OO,11049,31049,11298,30194,-18,-2,-22,-2,0,,0,62,58,37,1,164,1,,,,,
4/1/2020,OO,11298,30194,11049,31049,,,,,1,D,0,65,,,1,164,1,,,,,
4/1/2020,OO,11267,31267,13930,30977,-11,-1,-41,-2,0,,0,97,67,50,1,240,1,,,,,
4/1/2020,OO,13485,33485,13930,30977,-9,-1,-19,-2,0,,0,62,52,24,1,109,1,,,,,
4/1/2020,OO,11423,31423,13930,30977,-3,-1,-29,-2,0,,0,89,63,48,1,299,2,,,,,
4/1/2020,OO,14107,30466,12892,32575,-7,-1,-37,-2,0,,0,110,80,59,1,370,2,,,,,
4/1/2020,OO,13930,30977,11977,31977,-6,-1,-18,-2,0,,0,59,47,30,1,174,1,,,,,
4/1/2020,OO,10529,30529,13930,30977,,,,,1,D,0,161,,,1,783,4,,,,,
4/1/2020,OO,13930,30977,10529,30529,,,,,1,D,0,131,,,1,783,4,,,,,
4/1/2020,OO,10529,30529,13930,30977,,,,,1,D,0,160,,,1,783,4,,,,,
4/1/2020,OO,13930,30977,10529,30529,,,,,1,D,0,132,,,1,783,4,,,,,
4/1/2020,OO,13930,30977,13342,33342,-4,-1,-13,-1,0,,0,53,44,19,1,67,1,,,,,
4/1/2020,OO,10693,30693,13930,30977,,,,,1,D,0,111,,,1,409,2,,,,,
4/1/2020,OO,13930,30977,10693,30693,,,,,1,D,0,95,,,1,409,2,,,,,
4/1/2020,OO,10693,30693,13930,30977,-16,-2,-22,-2,0,,0,109,103,78,1,409,2,,,,,
4/1/2020,OO,13930,30977,10693,30693,-6,-1,-27,-2,0,,0,94,73,56,1,409,2,,,,,
4/1/2020,OO,10821,30852,13930,30977,,,,,1,D,0,140,,,1,621,3,,,,,
4/1/2020,OO,13930,30977,10821,30852,,,,,1,D,0,119,,,1,621,3,,,,,
4/1/2020,OO,11140,31140,11298,30194,,,,,1,D,0,84,,,1,354,2,,,,,
4/1/2020,OO,11298,30194,11140,31140,,,,,1,D,0,82,,,1,354,2,,,,,
4/1/2020,OO,11298,30194,11423,31423,,,,,1,D,0,117,,,1,624,3,,,,,
4/1/2020,OO,11423,31423,11298,30194,,,,,1,D,0,128,,,1,624,3,,,,,
4/1/2020,OO,11423,31423,13930,30977,,,,,1,D,0,84,,,1,299,2,,,,,
4/1/2020,OO,13930,30977,11423,31423,,,,,1,D,0,83,,,1,299,2,,,,,
4/1/2020,OO,11298,30194,11111,32474,-2,-1,-19,-2,0,,0,104,87,71,1,489,2,,,,,
4/1/2020,OO,13342,33342,13930,30977,-4,-1,-18,-2,0,,0,63,49,26,1,67,1,,,,,
4/1/2020,OO,10693,30693,13930,30977,-6,-1,-14,-1,0,,0,116,108,83,1,409,2,,,,,
4/1/2020,OO,13930,30977,10693,30693,-7,-1,-12,-1,0,,0,94,89,58,1,409,2,,,,,
4/1/2020,OO,11638,31638,14107,30466,,,,,1,D,0,104,,,1,493,2,,,,,
4/1/2020,OO,14107,30466,11638,31638,,,,,1,D,0,111,,,1,493,2,,,,,
4/1/2020,OO,11298,30194,11778,31778,-7,-1,-22,-2,0,,0,67,52,38,1,227,1,,,,,
4/1/2020,OO,11778,31778,11298,30194,-11,-1,-18,-2,0,,0,71,64,41,1,227,1,,,,,
4/1/2020,OO,11921,31921,14107,30466,,,,,1,D,0,102,,,1,438,2,,,,,
4/1/2020,OO,14107,30466,11921,31921,,,,,1,D,0,88,,,1,438,2,,,,,
4/1/2020,OO,11977,31977,13930,30977,-11,-1,-24,-2,0,,0,64,51,37,1,174,1,,,,,
4/1/2020,OO,13930,30977,11977,31977,-8,-1,-12,-1,0,,0,63,59,36,1,174,1,,,,,
4/1/2020,OO,11298,30194,11982,31982,,,,,1,D,0,57,,,1,134,1,,,,,
4/1/2020,OO,11982,31982,11298,30194,,,,,1,D,0,62,,,1,134,1,,,,,
4/1/2020,OO,11986,31986,13930,30977,-3,-1,29,1,0,,0,64,96,34,1,137,1,0,0,29,0,0
4/1/2020,OO,13930,30977,11986,31986,-7,-1,-26,-2,0,,0,61,42,25,1,137,1,,,,,
4/1/2020,OO,11986,31986,13930,30977,-10,-1,-22,-2,0,,0,65,53,35,1,137,1,,,,,
4/1/2020,OO,13930,30977,11986,31986,-6,-1,-25,-2,0,,0,67,48,25,1,137,1,,,,,
4/1/2020,OO,11298,30194,12191,31453,,,,,1,D,0,77,,,1,247,1,,,,,
4/1/2020,OO,12191,31453,11298,30194,,,,,1,D,0,77,,,1,247,1,,,,,
4/1/2020,OO,11298,30194,12191,31453,,,,,1,D,0,76,,,1,247,1,,,,,
4/1/2020,OO,12191,31453,11298,30194,,,,,1,D,0,83,,,1,247,1,,,,,
4/1/2020,OO,12197,31703,13930,30977,,,,,1,D,0,163,,,1,738,3,,,,,
4/1/2020,OO,13930,30977,12197,31703,,,,,1,D,0,128,,,1,738,3,,,,,
4/1/2020,OO,13930,30977,10693,30693,44,2,21,1,0,,0,99,76,59,1,409,2,0,0,0,0,21
4/1/2020,OO,14869,34614,12892,32575,-14,-1,-37,-2,0,,0,133,110,90,1,590,3,,,,,
4/1/2020,OO,11298,30194,12217,30255,-10,-1,-16,-2,0,,0,112,106,75,1,603,3,,,,,
4/1/2020,OO,12217,30255,11298,30194,-8,-1,-29,-2,0,,0,133,112,94,1,603,3,,,,,
4/1/2020,OO,11298,30194,11823,31823,-6,-1,-15,-1,0,,0,140,131,110,1,859,4,,,,,
4/1/2020,OO,14696,34696,11298,30194,-6,-1,-34,-2,0,,0,163,135,116,1,846,4,,,,,
4/1/2020,OO,12339,32337,13930,30977,,,,,1,D,0,72,,,1,177,1,,,,,
4/1/2020,OO,13930,30977,12339,32337,,,,,1,D,0,69,,,1,177,1,,,,,
4/1/2020,OO,12339,32337,13930,30977,-11,-1,-16,-2,0,,0,72,67,39,1,177,1,,,,,
4/1/2020,OO,13930,30977,12339,32337,-10,-1,-28,-2,0,,0,66,48,31,1,177,1,,,,,
4/1/2020,OO,11298,30194,14588,34588,,,,,1,D,0,98,,,1,435,2,,,,,
4/1/2020,OO,14588,34588,11298,30194,,,,,1,D,0,93,,,1,435,2,,,,,
4/1/2020,OO,12892,32575,13851,33851,-19,-2,-40,-2,0,,0,169,148,134,1,1187,5,,,,,
4/1/2020,OO,11638,31638,12892,32575,-6,-1,-18,-2,0,,0,72,60,43,1,209,1,,,,,
4/1/2020,OO,11298,30194,12891,32891,-4,-1,-15,-1,0,,0,63,52,32,1,140,1,,,,,
4/1/2020,OO,12891,32891,11298,30194,-10,-1,-23,-2,0,,0,62,49,32,1,140,1,,,,,
4/1/2020,OO,11721,31721,13930,30977,-7,-1,-36,-2,0,,0,88,59,44,1,223,1,,,,,
4/1/2020,OO,11298,30194,14588,34588,,,,,1,D,0,96,,,1,435,2,,,,,
4/1/2020,OO,14696,34696,11298,30194,-24,-2,-32,-2,0,,0,157,149,121,1,846,4,,,,,
4/1/2020,OO,11298,30194,13290,33290,-8,-1,-18,-2,0,,0,98,88,64,1,431,2,,,,,
4/1/2020,OO,11298,30194,11823,31823,-12,-1,-29,-2,0,,0,139,122,104,1,859,4,,,,,
4/1/2020,OO,11695,31695,14107,30466,-5,-1,-17,-2,0,,0,60,48,25,1,119,1,,,,,
4/1/2020,OO,11298,30194,13290,33290,-6,-1,-9,-1,0,,0,94,91,66,1,431,2,,,,,
4/1/2020,OO,13290,33290,11298,30194,-21,-2,-33,-2,0,,0,100,88,67,1,431,2,,,,,
4/1/2020,OO,12992,32600,13930,30977,,,,,1,D,0,119,,,1,552,3,,,,,
4/1/2020,OO,13930,30977,12992,32600,,,,,1,D,0,113,,,1,552,3,,,,,
4/1/2020,OO,14107,30466,13264,33264,-8,-1,-8,-1,0,,0,149,149,135,1,854,4,,,,,
4/1/2020,OO,12892,32575,14107,30466,-7,-1,-18,-2,0,,0,90,79,64,1,370,2,,,,,
4/1/2020,OO,13930,30977,13342,33342,,,,,1,B,0,50,,,1,67,1,,,,,
4/1/2020,OO,11823,31823,13930,30977,-9,-1,-33,-2,0,,0,77,53,36,1,157,1,,,,,
4/1/2020,OO,13342,33342,13930,30977,45,3,24,1,0,,0,64,43,21,1,67,1,24,0,0,0,0
4/1/2020,OO,14107,30466,11695,31695,-11,-1,-14,-1,0,,0,50,47,32,1,119,1,,,,,
4/1/2020,OO,13198,33198,13930,30977,,,,,1,D,0,94,,,1,403,2,,,,,
4/1/2020,OO,13930,30977,13198,33198,,,,,1,D,0,103,,,1,403,2,,,,,
4/1/2020,OO,13230,32070,13930,30977,,,,,1,D,0,129,,,1,594,3,,,,,
4/1/2020,OO,13930,30977,13230,32070,,,,,1,D,0,113,,,1,594,3,,,,,
4/1/2020,OO,13244,33244,13930,30977,,,,,1,D,0,115,,,1,491,2,,,,,
4/1/2020,OO,13930,30977,13244,33244,,,,,1,D,0,112,,,1,491,2,,,,,
4/1/2020,OO,13485,33485,13930,30977,-6,-1,-20,-2,0,,0,61,47,25,1,109,1,,,,,
4/1/2020,OO,13244,33244,13930,30977,,,,,1,D,0,120,,,1,491,2,,,,,
4/1/2020,OO,13930,30977,13244,33244,,,,,1,D,0,113,,,1,491,2,,,,,
4/1/2020,OO,15323,35323,11298,30194,-13,-1,-39,-2,0,,0,175,149,129,1,868,4,,,,,
4/1/2020,OO,14588,34588,11298,30194,222,12,206,12,0,,0,99,83,63,1,435,2,206,0,0,0,0
4/1/2020,OO,11298,30194,13290,33290,,,,,1,D,0,94,,,1,431,2,,,,,
4/1/2020,OO,13290,33290,11298,30194,,,,,1,D,0,102,,,1,431,2,,,,,
4/1/2020,OO,11298,30194,13377,33377,,,,,1,D,0,73,,,1,293,2,,,,,
4/1/2020,OO,13377,33377,11298,30194,,,,,1,D,0,82,,,1,293,2,,,,,
4/1/2020,OO,11298,30194,15323,35323,-7,-1,-26,-2,0,,0,145,126,103,1,868,4,,,,,
4/1/2020,OO,13485,33485,13930,30977,-13,-1,-30,-2,0,,0,61,44,24,1,109,1,,,,,
4/1/2020,OO,13930,30977,13485,33485,-10,-1,-24,-2,0,,0,61,47,28,1,109,1,,,,,
4/1/2020,OO,13487,31650,13930,30977,,,,,1,D,0,93,,,1,334,2,,,,,
4/1/2020,OO,13930,30977,13487,31650,,,,,1,D,0,93,,,1,334,2,,,,,
4/1/2020,OO,13796,32457,14107,30466,,,,,1,D,0,117,,,1,646,3,,,,,
4/1/2020,OO,14107,30466,13796,32457,,,,,1,D,0,134,,,1,646,3,,,,,
4/1/2020,OO,11823,31823,11298,30194,-4,-1,-21,-2,0,,0,170,153,128,1,859,4,,,,,
4/1/2020,OO,10781,30781,11298,30194,,,,,1,D,0,95,,,1,383,2,,,,,
4/1/2020,OO,11986,31986,13930,30977,-10,-1,-22,-2,0,,0,69,57,35,1,137,1,,,,,
4/1/2020,OO,13851,33851,13930,30977,,,,,1,D,0,133,,,1,693,3,,,,,
4/1/2020,OO,13930,30977,13851,33851,,,,,1,D,0,137,,,1,693,3,,,,,
4/1/2020,OO,13851,33851,13930,30977,-9,-1,-23,-2,0,,0,127,113,88,1,693,3,,,,,
4/1/2020,OO,13930,30977,13851,33851,-17,-2,-36,-2,0,,0,140,121,105,1,693,3,,,,,
4/1/2020,OO,13930,30977,13485,33485,,,,,1,D,0,58,,,1,109,1,,,,,
4/1/2020,OO,11298,30194,14696,34696,-9,-1,-19,-2,0,,0,138,128,108,1,846,4,,,,,
4/1/2020,OO,11298,30194,10781,30781,,,,,1,D,0,84,,,1,383,2,,,,,
4/1/2020,OO,13296,30721,13930,30977,-8,-1,-26,-2,0,,0,176,158,120,1,843,4,,,,,
4/1/2020,OO,13930,30977,13296,30721,-9,-1,-24,-2,0,,0,138,123,105,1,843,4,,,,,
4/1/2020,OO,13930,30977,13485,33485,-11,-1,-27,-2,0,,0,61,45,25,1,109,1,,,,,
4/1/2020,OO,13871,33316,13930,30977,,,,,1,D,0,101,,,1,416,2,,,,,
4/1/2020,OO,13930,30977,13871,33316,,,,,1,D,0,98,,,1,416,2,,,,,
4/1/2020,OO,13930,30977,11986,31986,,,,,1,D,0,64,,,1,137,1,,,,,
4/1/2020,OO,13871,33316,13930,30977,,,,,1,D,0,101,,,1,416,2,,,,,
4/1/2020,OO,13930,30977,13871,33316,,,,,1,D,0,97,,,1,416,2,,,,,
4/1/2020,OO,13891,32575,14107,30466,,,,,1,D,0,81,,,1,325,2,,,,,
4/1/2020,OO,14107,30466,13891,32575,,,,,1,D,0,77,,,1,325,2,,,,,
4/1/2020,OO,13930,30977,14122,30198,,,,,1,D,0,89,,,1,413,2,,,,,
4/1/2020,OO,14122,30198,13930,30977,,,,,1,D,0,103,,,1,413,2,,,,,
4/1/2020,OO,13930,30977,14576,34576,,,,,1,D,0,107,,,1,528,3,,,,,
4/1/2020,OO,14576,34576,13930,30977,,,,,1,D,0,122,,,1,528,3,,,,,
4/1/2020,OO,13930,30977,11823,31823,-21,-2,-44,-2,0,,0,67,44,30,1,157,1,,,,,
4/1/2020,OO,14679,33570,14831,32457,-12,-1,-17,-2,0,,0,97,92,62,1,417,2,,,,,
4/1/2020,OO,14489,34489,12892,32575,-20,-2,-51,-2,0,,0,155,124,99,1,726,3,,,,,
4/1/2020,OO,14679,33570,14698,34236,34,2,18,1,0,,0,72,56,44,1,263,2,18,0,0,0,0
4/1/2020,OO,14698,34236,14679,33570,-3,-1,-9,-1,0,,0,65,59,49,1,263,2,,,,,
4/1/2020,OO,14262,34262,14771,32457,-29,-2,-46,-2,0,,0,100,83,67,1,421,2,,,,,
4/1/2020,OO,14771,32457,14262,34262,-12,-1,-29,-2,0,,0,102,85,68,1,421,2,,,,,
4/1/2020,OO,12889,32211,14771,32457,1,0,-16,-2,0,,0,105,88,72,1,414,2,,,,,
4/1/2020,OO,14771,32457,12889,32211,-3,-1,-23,-2,0,,0,100,80,65,1,414,2,,,,,
4/1/2020,OO,14771,32457,14908,32575,-11,-1,-27,-2,0,,0,97,81,66,1,372,2,,,,,
4/1/2020,OO,14747,30559,10713,30713,-7,-1,-20,-2,0,,0,86,73,61,1,399,2,,,,,
4/1/2020,OO,11259,30194,14747,30559,-16,-2,-39,-2,0,,0,285,262,232,1,1670,7,,,,,
4/1/2020,OO,14747,30559,11259,30194,-13,-1,-11,-1,0,,0,242,244,198,1,1670,7,,,,,
4/1/2020,OO,12892,32575,11259,30194,-7,-1,-34,-2,0,,0,195,168,152,1,1246,5,,,,,
4/1/2020,OO,11259,30194,14771,32457,-12,-1,-30,-2,0,,0,246,228,216,1,1476,6,,,,,
4/1/2020,OO,14771,32457,14908,32575,39,2,24,1,0,,0,98,83,68,1,372,2,24,0,0,0,0
4/1/2020,OO,10713,30713,12892,32575,9,0,11,0,0,,0,136,138,111,1,674,3,,,,,
4/1/2020,OO,14831,32457,14679,33570,-1,-1,-7,-1,0,,0,88,82,67,1,417,2,,,,,
4/1/2020,OO,10713,30713,14747,30559,-16,-2,-22,-2,0,,0,97,91,66,1,399,2,,,,,
4/1/2020,OO,14698,34236,14747,30559,-20,-2,-27,-2,0,,0,150,143,126,1,847,4,,,,,
4/1/2020,OO,14747,30559,14698,34236,-13,-1,-25,-2,0,,0,148,136,116,1,847,4,,,,,
4/1/2020,OO,14831,32457,14679,33570,26,1,16,1,0,,0,86,76,63,1,417,2,16,0,0,0,0
4/1/2020,OO,14747,30559,14570,34570,-5,-1,-3,-1,0,,0,108,110,86,1,564,3,,,,,
4/1/2020,OO,14679,33570,14893,33192,-11,-1,-27,-2,0,,0,105,89,72,1,480,2,,,,,
4/1/2020,OO,15376,30436,14057,34057,19,1,3,0,0,,0,195,179,165,1,1119,5,,,,,
4/1/2020,OO,14771,32457,11259,30194,-6,-1,-37,-2,0,,0,220,189,174,1,1476,6,,,,,
4/1/2020,OO,14057,34057,15376,30436,-12,-1,-20,-2,0,,0,172,164,150,1,1119,5,,,,,
4/1/2020,OO,14869,34614,14057,34057,-12,-1,-31,-2,0,,0,125,106,93,1,630,3,,,,,
4/1/2020,OO,10423,30423,14679,33570,-17,-2,-22,-2,0,,0,197,192,174,1,1164,5,,,,,
4/1/2020,OO,11884,31884,14747,30559,-20,-2,-3,-1,0,,0,73,90,44,1,224,1,,,,,
4/1/2020,OO,11259,30194,14057,34057,-10,-1,-20,-2,0,,0,260,250,228,1,1626,7,,,,,
4/1/2020,OO,14771,32457,14262,34262,-2,-1,-10,-1,0,,0,95,87,67,1,421,2,,,,,
4/1/2020,OO,14893,33192,14057,34057,-11,-1,-4,-1,0,,0,95,102,78,1,479,2,,,,,
4/1/2020,OO,14262,34262,14771,32457,-11,-1,-19,-2,0,,0,100,92,71,1,421,2,,,,,
4/1/2020,OO,14771,32457,14262,34262,22,1,-5,-1,0,,0,102,75,62,1,421,2,,,,,
4/1/2020,OO,14262,34262,14771,32457,-18,-2,-31,-2,0,,0,95,82,71,1,421,2,,,,,
4/1/2020,OO,14679,33570,15023,34433,-10,-1,-26,-2,0,,0,111,95,80,1,508,3,,,,,
4/1/2020,OO,14057,34057,15023,34433,-12,-1,-21,-2,0,,0,100,91,74,1,489,2,,,,,
4/1/2020,OO,14057,34057,14893,33192,16,1,10,0,0,,0,94,88,69,1,479,2,,,,,
4/1/2020,OO,14831,32457,10713,30713,-19,-2,-21,-2,0,,0,100,98,83,1,523,3,,,,,
4/1/2020,OO,10713,30713,14831,32457,-8,-1,-6,-1,0,,0,115,117,94,1,523,3,,,,,
4/1/2020,OO,10713,30713,14893,33192,-10,-1,-19,-2,0,,0,113,104,78,1,437,2,,,,,
4/1/2020,OO,12892,32575,14831,32457,-7,-1,-13,-1,0,,0,80,74,53,1,308,2,,,,,
4/1/2020,OO,14747,30559,14869,34614,-5,-1,-12,-1,0,,0,124,117,102,1,689,3,,,,,
4/1/2020,OO,14869,34614,14747,30559,-9,-1,-28,-2,0,,0,141,122,105,1,689,3,,,,,
4/1/2020,OO,11259,30194,14771,32457,-11,-1,-12,-1,0,,0,240,239,220,1,1476,6,,,,,
4/1/2020,OO,14771,32457,11259,30194,-10,-1,-36,-2,0,,0,220,194,177,1,1476,6,,,,,
4/1/2020,OO,14679,33570,10713,30713,-11,-1,-25,-2,0,,0,145,131,110,1,749,3,,,,,
4/1/2020,OO,11884,31884,14771,32457,-14,-1,-29,-2,0,,0,149,134,106,1,733,3,,,,,
4/1/2020,OO,10140,30140,14747,30559,-8,-1,-23,-2,0,,0,205,190,169,1,1180,5,,,,,
4/1/2020,OO,14747,30559,10140,30140,-8,-1,-22,-2,0,,0,179,165,149,1,1180,5,,,,,
4/1/2020,OO,13476,34922,14679,33570,-16,-2,-30,-2,0,,0,84,70,58,1,375,2,,,,,
4/1/2020,OO,14679,33570,13476,34922,-7,-1,-25,-2,0,,0,92,74,57,1,375,2,,,,,
4/1/2020,OO,14679,33570,10423,30423,-14,-1,-34,-2,0,,0,174,154,133,1,1164,5,,,,,
4/1/2020,OO,14771,32457,11884,31884,-5,-1,-14,-1,0,,0,132,123,109,1,733,3,,,,,
4/1/2020,OO,14747,30559,10713,30713,-7,-1,-15,-1,0,,0,85,77,65,1,399,2,,,,,
4/1/2020,OO,14893,33192,14057,34057,-12,-1,-21,-2,0,,0,97,88,73,1,479,2,,,,,
4/1/2020,OO,10713,30713,14057,34057,-10,-1,-15,-1,0,,0,83,78,58,1,344,2,,,,,
4/1/2020,OO,14908,32575,14771,32457,-9,-1,-27,-2,0,,0,95,77,62,1,372,2,,,,,
4/1/2020,OO,11884,31884,14679,33570,-3,-1,10,0,0,,0,167,180,148,1,1027,5,,,,,
4/1/2020,OO,11884,31884,14057,34057,-23,-2,-12,-1,0,,0,76,87,47,1,279,2,,,,,
4/1/2020,OO,15023,34433,12892,32575,-6,-1,-19,-2,0,,0,95,82,60,1,400,2,,,,,
4/1/2020,OO,14679,33570,14489,34489,-17,-2,-25,-2,0,,0,145,137,119,1,823,4,,,,,
4/1/2020,OO,14771,32457,14869,34614,-8,-1,-30,-2,0,,0,115,93,77,1,599,3,,,,,
4/1/2020,OO,14869,34614,14771,32457,-12,-1,-22,-2,0,,0,130,120,108,1,599,3,,,,,
4/1/2020,OO,14679,33570,11884,31884,-4,-1,-15,-1,0,,0,170,159,144,1,1027,5,,,,,
4/1/2020,OO,10800,32575,14747,30559,-17,-2,-33,-2,0,,0,169,153,131,1,937,4,,,,,
4/1/2020,OO,14747,30559,10800,32575,-8,-1,-32,-2,0,,0,155,131,120,1,937,4,,,,,
4/1/2020,OO,15023,34433,14679,33570,-14,-1,-11,-1,0,,0,93,96,72,1,508,3,,,,,
4/1/2020,OO,12892,32575,11884,31884,-14,-1,-21,-2,0,,0,157,150,129,1,945,4,,,,,
4/1/2020,OO,14057,34057,14747,30559,209,12,192,12,0,,0,59,42,27,1,129,1,192,0,0,0,0
4/1/2020,OO,11638,31638,14679,33570,-20,-2,-32,-2,0,,0,74,62,50,1,314,2,,,,,
4/1/2020,OO,14057,34057,11638,31638,-7,-1,-16,-2,0,,0,114,105,87,1,626,3,,,,,
4/1/2020,OO,14893,33192,10713,30713,-4,-1,-27,-2,0,,0,105,82,62,1,437,2,,,,,
4/1/2020,OO,14057,34057,14869,34614,-8,-1,-18,-2,0,,0,114,104,84,1,630,3,,,,,
4/1/2020,OO,14570,34570,14747,30559,25,1,18,1,0,,0,115,108,87,1,564,3,18,0,0,0,0
4/1/2020,OO,14908,32575,14771,32457,-18,-2,-38,-2,0,,0,94,74,63,1,372,2,,,,,
4/1/2020,OO,11638,31638,14747,30559,68,4,56,3,0,,0,140,128,109,1,748,3,56,0,0,0,0
4/1/2020,OO,14747,30559,11638,31638,49,3,28,1,0,,0,135,114,99,1,748,3,0,0,0,0,28
4/1/2020,OO,14747,30559,11638,31638,-4,-1,-18,-2,0,,0,133,119,103,1,748,3,,,,,
4/1/2020,OO,14908,32575,15023,34433,-10,-1,-23,-2,0,,0,103,90,78,1,433,2,,,,,
4/1/2020,OO,15023,34433,14908,32575,-16,-2,-31,-2,0,,0,95,80,68,1,433,2,,,,,
4/1/2020,OO,14057,34057,11884,31884,-10,-1,-13,-1,0,,0,65,62,49,1,279,2,,,,,
4/1/2020,OO,14057,34057,14570,34570,-8,-1,-18,-2,0,,0,90,80,69,1,444,2,,,,,
4/1/2020,OO,14570,34570,14057,34057,-11,-1,-10,-1,0,,0,90,91,71,1,444,2,,,,,
4/1/2020,OO,10713,30713,14679,33570,-14,-1,-38,-2,0,,0,143,119,106,1,749,3,,,,,
4/1/2020,UA,14747,30559,14771,32457,,,,,1,D,0,134,,,1,679,3,,,,,
4/1/2020,UA,12266,31453,13204,31454,,,,,1,D,0,141,,,1,854,4,,,,,
4/1/2020,UA,14747,30559,11292,30325,-11,-1,-43,-2,0,,0,175,143,125,1,1024,5,,,,,
4/1/2020,UA,13487,31650,11292,30325,,,,,1,D,0,131,,,1,680,3,,,,,
4/1/2020,UA,12264,30852,11292,30325,,,,,1,D,0,239,,,1,1452,6,,,,,
4/1/2020,UA,14683,33214,12266,31453,4,0,-11,-1,0,,0,69,54,37,1,191,1,,,,,
4/1/2020,UA,13930,30977,11292,30325,,,,,1,D,0,167,,,1,888,4,,,,,
4/1/2020,UA,14679,33570,14771,32457,,,,,1,D,0,96,,,1,447,2,,,,,
4/1/2020,UA,14679,33570,13930,30977,,,,,1,D,0,237,,,1,1723,7,,,,,
4/1/2020,UA,13930,30977,13871,33316,,,,,1,D,0,96,,,1,416,2,,,,,
4/1/2020,UA,14679,33570,13930,30977,,,,,1,D,0,243,,,1,1723,7,,,,,
4/1/2020,UA,12953,31703,13930,30977,,,,,1,D,0,165,,,1,733,3,,,,,
4/1/2020,UA,14635,31714,12266,31453,,,,,1,D,0,161,,,1,861,4,,,,,
4/1/2020,UA,13930,30977,11292,30325,,,,,1,D,0,162,,,1,888,4,,,,,
4/1/2020,UA,11618,31703,14635,31714,,,,,1,D,0,181,,,1,1068,5,,,,,
4/1/2020,UA,11292,30325,11433,31295,-5,-1,-27,-2,0,,0,171,149,132,1,1123,5,,,,,
4/1/2020,UA,14771,32457,12892,32575,,,,,1,D,0,104,,,1,337,2,,,,,
4/1/2020,UA,13930,30977,12953,31703,,,,,1,D,0,141,,,1,733,3,,,,,
4/1/2020,UA,12264,30852,11618,31703,,,,,1,D,0,88,,,1,212,1,,,,,
4/1/2020,UA,11618,31703,14027,34027,,,,,1,D,0,175,,,1,1023,5,,,,,
4/1/2020,UA,14771,32457,12889,32211,-10,-1,-26,-2,0,,0,94,78,59,1,414,2,,,,,
4/1/2020,UA,13930,30977,14107,30466,,,,,1,D,0,233,,,1,1440,6,,,,,
4/1/2020,UA,13931,33667,11292,30325,-11,-1,-2,-1,0,,0,243,252,219,1,1553,7,,,,,
4/1/2020,UA,14771,32457,11618,31703,,,,,1,D,0,336,,,1,2565,11,,,,,
4/1/2020,UA,14570,34570,11292,30325,,,,,1,D,0,131,,,1,804,4,,,,,
4/1/2020,UA,11292,30325,12892,32575,,,,,1,D,0,155,,,1,862,4,,,,,
4/1/2020,UA,14908,32575,11618,31703,,,,,1,D,0,322,,,1,2434,10,,,,,
4/1/2020,UA,14771,32457,12889,32211,,,,,1,D,0,101,,,1,414,2,,,,,
4/1/2020,UA,14635,31714,12264,30852,-11,-1,-17,-2,0,,0,140,134,118,1,891,4,,,,,
4/1/2020,UA,11618,31703,11292,30325,,,,,1,D,0,274,,,1,1605,7,,,,,
4/1/2020,UA,12953,31703,13930,30977,,,,,1,D,0,165,,,1,733,3,,,,,
4/1/2020,UA,12266,31453,10721,30721,,,,,1,D,0,228,,,1,1597,7,,,,,
4/1/2020,UA,13204,31454,12266,31453,,,,,1,D,0,161,,,1,854,4,,,,,
4/1/2020,UA,14771,32457,12266,31453,,,,,1,D,0,224,,,1,1635,7,,,,,
4/1/2020,UA,14262,34262,14771,32457,,,,,1,D,0,95,,,1,421,2,,,,,
4/1/2020,UA,12892,32575,11618,31703,,,,,1,D,0,332,,,1,2454,10,,,,,
4/1/2020,UA,14570,34570,11292,30325,-3,-1,-18,-2,0,,0,131,116,96,1,804,4,,,,,
4/1/2020,UA,11292,30325,14689,34689,,,,,1,D,0,161,,,1,916,4,,,,,
4/1/2020,UA,14771,32457,12266,31453,,,,,1,D,0,237,,,1,1635,7,,,,,
4/1/2020,UA,14100,34100,13930,30977,,,,,1,D,0,140,,,1,678,3,,,,,
4/1/2020,UA,14908,32575,12266,31453,,,,,1,D,0,189,,,1,1346,6,,,,,
4/1/2020,UA,13930,30977,12953,31703,,,,,1,D,0,134,,,1,733,3,,,,,
4/1/2020,UA,12266,31453,11697,32467,,,,,1,D,0,153,,,1,966,4,,,,,
4/1/2020,UA,11618,31703,14492,34492,,,,,1,D,0,109,,,1,416,2,,,,,
4/1/2020,UA,13204,31454,12266,31453,,,,,1,D,0,159,,,1,854,4,,,,,
4/1/2020,UA,14771,32457,12266,31453,,,,,1,D,0,237,,,1,1635,7,,,,,
4/1/2020,UA,11292,30325,14057,34057,-7,-1,-15,-1,0,,0,160,152,139,1,991,4,,,,,
4/1/2020,UA,10721,30721,11618,31703,-2,-1,-19,-2,0,,0,83,66,51,1,200,1,,,,,
4/1/2020,UA,13930,30977,12889,32211,,,,,1,D,0,246,,,1,1514,7,,,,,
4/1/2020,UA,12266,31453,15304,33195,-10,-1,-24,-2,0,,0,131,117,94,1,787,4,,,,,
4/1/2020,UA,11697,32467,13930,30977,,,,,1,D,0,212,,,1,1182,5,,,,,
4/1/2020,UA,11292,30325,13930,30977,,,,,1,D,0,150,,,1,888,4,,,,,
4/1/2020,UA,13204,31454,12264,30852,,,,,1,D,0,131,,,1,758,4,,,,,
4/1/2020,UA,13204,31454,11618,31703,,,,,1,D,0,170,,,1,937,4,,,,,
4/1/2020,UA,11292,30325,10423,30423,,,,,1,D,0,129,,,1,775,4,,,,,
4/1/2020,UA,14771,32457,12264,30852,,,,,1,D,0,312,,,1,2419,10,,,,,
4/1/2020,UA,12266,31453,12889,32211,,,,,1,D,0,205,,,1,1222,5,,,,,
4/1/2020,UA,12264,30852,10397,30397,-8,-1,-27,-2,0,,0,108,89,75,1,534,3,,,,,
4/1/2020,UA,14679,33570,11292,30325,,,,,1,D,0,142,,,1,853,4,,,,,
4/1/2020,UA,14771,32457,12266,31453,,,,,1,D,0,229,,,1,1635,7,,,,,
4/1/2020,UA,12892,32575,13930,30977,,,,,1,D,0,250,,,1,1744,7,,,,,
4/1/2020,UA,14771,32457,10423,30423,,,,,1,D,0,206,,,1,1504,7,,,,,
4/1/2020,UA,12889,32211,14771,32457,,,,,1,D,0,107,,,1,414,2,,,,,
4/1/2020,UA,13930,30977,12266,31453,,,,,1,D,0,176,,,1,925,4,,,,,
4/1/2020,UA,12892,32575,11618,31703,,,,,1,D,0,320,,,1,2454,10,,,,,
4/1/2020,UA,14689,34689,11292,30325,,,,,1,D,0,150,,,1,916,4,,,,,
4/1/2020,UA,14057,34057,14771,32457,,,,,1,D,0,115,,,1,550,3,,,,,
4/1/2020,UA,11292,30325,13204,31454,,,,,1,D,0,215,,,1,1546,7,,,,,
4/1/2020,UA,11292,30325,10423,30423,,,,,1,D,0,129,,,1,775,4,,,,,
4/1/2020,UA,11292,30325,13264,33264,,,,,1,D,0,165,,,1,964,4,,,,,
4/1/2020,UA,14771,32457,12892,32575,,,,,1,D,0,98,,,1,337,2,,,,,
4/1/2020,UA,15304,33195,12264,30852,-5,-1,-12,-1,0,,0,133,126,109,1,811,4,,,,,
4/1/2020,UA,13930,30977,11278,30852,,,,,1,D,0,114,,,1,612,3,,,,,
4/1/2020,UA,11697,32467,11618,31703,,,,,1,D,0,190,,,1,1065,5,,,,,
4/1/2020,UA,14107,30466,13930,30977,-10,-1,-34,-2,0,,0,204,180,161,1,1440,6,,,,,
4/1/2020,UA,14771,32457,14107,30466,-7,-1,-26,-2,0,,0,121,102,87,1,651,3,,,,,
4/1/2020,UA,11618,31703,11697,32467,,,,,1,D,0,181,,,1,1065,5,,,,,
4/1/2020,UA,13930,30977,11618,31703,,,,,1,D,0,138,,,1,719,3,,,,,
4/1/2020,UA,11618,31703,10721,30721,,,,,1,D,0,70,,,1,200,1,,,,,
4/1/2020,UA,13930,30977,15304,33195,,,,,1,D,0,165,,,1,1011,5,,,,,
4/1/2020,UA,14908,32575,11292,30325,,,,,1,D,0,136,,,1,846,4,,,,,
4/1/2020,UA,14107,30466,12266,31453,-10,-1,-23,-2,0,,0,151,138,116,1,1009,5,,,,,
4/1/2020,UA,13930,30977,13487,31650,,,,,1,D,0,90,,,1,334,2,,,,,
4/1/2020,UA,14107,30466,11292,30325,-7,-1,-17,-2,0,,0,106,96,78,1,602,3,,,,,
4/1/2020,UA,13930,30977,11292,30325,-3,-1,-23,-2,0,,0,167,147,132,1,888,4,,,,,
4/1/2020,UA,11298,30194,11618,31703,,,,,1,D,0,207,,,1,1372,6,,,,,
4/1/2020,UA,12892,32575,11292,30325,,,,,1,D,0,142,,,1,862,4,,,,,
4/1/2020,UA,11292,30325,11618,31703,,,,,1,D,0,226,,,1,1605,7,,,,,
4/1/2020,UA,12892,32575,11618,31703,-6,-1,-38,-2,0,,0,312,280,262,1,2454,10,,,,,
4/1/2020,UA,14100,34100,13930,30977,,,,,1,D,0,142,,,1,678,3,,,,,
4/1/2020,UA,11042,30647,13930,30977,,,,,1,D,0,90,,,1,315,2,,,,,
4/1/2020,UA,14679,33570,11292,30325,,,,,1,D,0,141,,,1,853,4,,,,,
4/1/2020,UA,11618,31703,12889,32211,,,,,1,D,0,335,,,1,2227,9,,,,,
4/1/2020,UA,13930,30977,14057,34057,-16,-2,-25,-2,0,,0,268,259,242,1,1739,7,,,,,
4/1/2020,UA,14100,34100,13930,30977,,,,,1,D,0,142,,,1,678,3,,,,,
4/1/2020,UA,12892,32575,13930,30977,,,,,1,D,0,239,,,1,1744,7,,,,,
4/1/2020,UA,12266,31453,13930,30977,,,,,1,D,0,165,,,1,925,4,,,,,
4/1/2020,UA,14100,34100,11292,30325,-10,-1,-38,-2,0,,0,259,231,215,1,1558,7,,,,,
4/1/2020,UA,13930,30977,13487,31650,,,,,1,D,0,94,,,1,334,2,,,,,
4/1/2020,UA,10721,30721,13930,30977,,,,,1,D,0,174,,,1,867,4,,,,,
4/1/2020,UA,12264,30852,14492,34492,-8,-1,-23,-2,0,,0,72,57,40,1,224,1,,,,,
4/1/2020,UA,12266,31453,13303,32467,,,,,1,D,0,149,,,1,964,4,,,,,
4/1/2020,UA,12889,32211,12266,31453,,,,,1,D,0,180,,,1,1222,5,,,,,
4/1/2020,UA,11618,31703,10397,30397,,,,,1,D,0,146,,,1,746,3,,,,,
4/1/2020,UA,11292,30325,13931,33667,,,,,1,D,0,210,,,1,1553,7,,,,,
4/1/2020,UA,12889,32211,11618,31703,,,,,1,D,0,307,,,1,2227,9,,,,,
4/1/2020,UA,11292,30325,14893,33192,,,,,1,D,0,158,,,1,909,4,,,,,
4/1/2020,UA,12892,32575,13930,30977,-5,-1,-31,-2,0,,0,245,219,202,1,1744,7,,,,,
4/1/2020,UA,13930,30977,10721,30721,,,,,1,D,0,137,,,1,867,4,,,,,
4/1/2020,UA,11697,32467,12266,31453,-5,-1,-14,-1,0,,0,175,166,146,1,966,4,,,,,
4/1/2020,UA,15304,33195,13930,30977,,,,,1,D,0,184,,,1,1011,5,,,,,
4/1/2020,UA,13930,30977,13198,33198,,,,,1,D,0,100,,,1,403,2,,,,,
4/1/2020,UA,13486,33486,11292,30325,137,9,114,7,0,,0,126,103,85,1,679,3,114,0,0,0,0
4/1/2020,UA,12889,32211,11618,31703,-1,-1,-11,-1,0,,0,283,273,251,1,2227,9,,,,,
4/1/2020,UA,12953,31703,11292,30325,,,,,1,D,0,268,,,1,1620,7,,,,,
4/1/2020,UA,12266,31453,13495,33495,,,,,1,D,0,76,,,1,305,2,,,,,
4/1/2020,UA,15304,33195,12266,31453,-5,-1,-16,-2,0,,0,150,139,124,1,787,4,,,,,
4/1/2020,UA,13487,31650,13930,30977,-10,-1,-41,-2,0,,0,96,65,49,1,334,2,,,,,
4/1/2020,UA,12892,32575,14771,32457,-7,-1,-19,-2,0,,0,91,79,55,1,337,2,,,,,
4/1/2020,UA,14679,33570,14771,32457,,,,,1,D,0,105,,,1,447,2,,,,,
4/1/2020,UA,11697,32467,13930,30977,,,,,1,D,0,202,,,1,1182,5,,,,,
4/1/2020,UA,14057,34057,14771,32457,-8,-1,-25,-2,0,,0,110,93,80,1,550,3,,,,,
4/1/2020,UA,12264,30852,11697,32467,,,,,1,D,0,170,,,1,901,4,,,,,
4/1/2020,UA,13930,30977,10423,30423,,,,,1,D,0,172,,,1,977,4,,,,,
4/1/2020,UA,13930,30977,11298,30194,,,,,1,D,0,158,,,1,801,4,,,,,
4/1/2020,UA,14771,32457,11292,30325,,,,,1,D,0,165,,,1,967,4,,,,,
4/1/2020,UA,14747,30559,12266,31453,,,,,1,D,0,264,,,1,1874,8,,,,,
4/1/2020,UA,10423,30423,13930,30977,,,,,1,D,0,169,,,1,977,4,,,,,
4/1/2020,UA,12889,32211,13930,30977,-8,-1,-19,-2,0,,0,211,200,179,1,1514,7,,,,,
4/1/2020,UA,14747,30559,12264,30852,-14,-1,-63,-2,0,,0,315,266,249,1,2306,10,,,,,
4/1/2020,UA,13930,30977,14893,33192,,,,,1,D,0,280,,,1,1781,8,,,,,
4/1/2020,UA,11618,31703,13303,32467,-11,-1,-47,-2,0,,0,196,160,143,1,1085,5,,,,,
4/1/2020,UA,13930,30977,11618,31703,,,,,1,D,0,135,,,1,719,3,,,,,
4/1/2020,UA,12266,31453,13930,30977,,,,,1,D,0,165,,,1,925,4,,,,,
4/1/2020,UA,13930,30977,12892,32575,,,,,1,D,0,273,,,1,1744,7,,,,,
4/1/2020,UA,13930,30977,12892,32575,,,,,1,D,0,273,,,1,1744,7,,,,,
4/1/2020,UA,14635,31714,12264,30852,-15,-1,-19,-2,0,,0,139,135,119,1,891,4,,,,,
4/1/2020,UA,10721,30721,12266,31453,,,,,1,D,0,263,,,1,1597,7,,,,,
4/1/2020,UA,11618,31703,13930,30977,-5,-1,-43,-2,0,,0,161,123,109,1,719,3,,,,,
4/1/2020,UA,12266,31453,10821,30852,,,,,1,D,0,184,,,1,1235,5,,,,,
4/1/2020,UA,10721,30721,14771,32457,,,,,1,D,0,398,,,1,2704,11,,,,,
4/1/2020,UA,14107,30466,13930,30977,,,,,1,D,0,204,,,1,1440,6,,,,,
4/1/2020,UA,11337,31337,13930,30977,-16,-2,-33,-2,0,,0,106,89,64,1,397,2,,,,,
4/1/2020,UA,12892,32575,12266,31453,,,,,1,D,0,184,,,1,1379,6,,,,,
4/1/2020,UA,10721,30721,11618,31703,,,,,1,D,0,79,,,1,200,1,,,,,
4/1/2020,UA,12266,31453,12953,31703,,,,,1,D,0,206,,,1,1416,6,,,,,
4/1/2020,UA,15304,33195,11292,30325,,,,,1,D,0,240,,,1,1506,7,,,,,
4/1/2020,UA,10721,30721,13930,30977,,,,,1,D,0,181,,,1,867,4,,,,,
4/1/2020,UA,14771,32457,11618,31703,,,,,1,D,0,347,,,1,2565,11,,,,,
4/1/2020,UA,13930,30977,13204,31454,,,,,1,D,0,169,,,1,1005,5,,,,,
4/1/2020,UA,13930,30977,11298,30194,,,,,1,D,0,158,,,1,801,4,,,,,
4/1/2020,UA,12892,32575,14771,32457,,,,,1,D,0,95,,,1,337,2,,,,,
4/1/2020,UA,13230,32070,13930,30977,0,0,-13,-1,0,,0,127,114,96,1,594,3,,,,,
4/1/2020,UA,13495,33495,12266,31453,,,,,1,D,0,80,,,1,305,2,,,,,
4/1/2020,UA,13495,33495,13930,30977,-10,-1,-30,-2,0,,0,163,143,126,1,836,4,,,,,
4/1/2020,UA,14771,32457,11618,31703,,,,,1,D,0,333,,,1,2565,11,,,,,
4/1/2020,UA,12266,31453,14908,32575,,,,,1,D,0,223,,,1,1346,6,,,,,
4/1/2020,UA,12953,31703,13930,30977,,,,,1,D,0,163,,,1,733,3,,,,,
4/1/2020,UA,14747,30559,11292,30325,,,,,1,D,0,168,,,1,1024,5,,,,,
4/1/2020,UA,13495,33495,11292,30325,,,,,1,D,0,179,,,1,1062,5,,,,,
4/1/2020,UA,14831,32457,11292,30325,,,,,1,D,0,154,,,1,948,4,,,,,
4/1/2020,UA,12892,32575,11292,30325,,,,,1,D,0,142,,,1,862,4,,,,,
4/1/2020,UA,11618,31703,14843,34819,-7,-1,-10,-1,0,,0,252,249,216,1,1608,7,,,,,
4/1/2020,UA,13930,30977,14908,32575,,,,,1,D,0,271,,,1,1726,7,,,,,
4/1/2020,UA,11292,30325,14570,34570,,,,,1,D,0,142,,,1,804,4,,,,,
4/1/2020,UA,12953,31703,13930,30977,-13,-1,-48,-2,0,,0,165,130,110,1,733,3,,,,,
4/1/2020,UA,11292,30325,12264,30852,-7,-1,-20,-2,0,,0,198,185,171,1,1452,6,,,,,
4/1/2020,UA,14771,32457,12889,32211,,,,,1,D,0,98,,,1,414,2,,,,,
4/1/2020,UA,11292,30325,13487,31650,,,,,1,D,0,114,,,1,680,3,,,,,
4/1/2020,UA,12266,31453,13303,32467,,,,,1,D,0,149,,,1,964,4,,,,,
4/1/2020,UA,14683,33214,12266,31453,,,,,1,D,0,68,,,1,191,1,,,,,
4/1/2020,UA,13930,30977,11292,30325,,,,,1,D,0,166,,,1,888,4,,,,,
4/1/2020,UA,12264,30852,11618,31703,,,,,1,D,0,91,,,1,212,1,,,,,
4/1/2020,UA,12889,32211,13930,30977,,,,,1,D,0,207,,,1,1514,7,,,,,
4/1/2020,UA,14679,33570,13930,30977,-8,-1,-33,-2,0,,0,242,217,197,1,1723,7,,,,,
4/1/2020,UA,12266,31453,14683,33214,,,,,1,D,0,65,,,1,191,1,,,,,
4/1/2020,UA,11278,30852,11292,30325,,,,,1,D,0,250,,,1,1476,6,,,,,
4/1/2020,UA,13930,30977,14771,32457,,,,,1,D,0,288,,,1,1846,8,,,,,
4/1/2020,UA,10423,30423,12266,31453,,,,,1,D,0,71,,,1,140,1,,,,,
4/1/2020,UA,12266,31453,11697,32467,,,,,1,D,0,153,,,1,966,4,,,,,
4/1/2020,UA,14908,32575,12266,31453,,,,,1,D,0,189,,,1,1346,6,,,,,
4/1/2020,UA,12266,31453,12953,31703,,,,,1,D,0,213,,,1,1416,6,,,,,
4/1/2020,UA,12451,31136,11618,31703,,,,,1,D,0,150,,,1,820,4,,,,,
4/1/2020,UA,13930,30977,14747,30559,,,,,1,D,0,276,,,1,1721,7,,,,,
4/1/2020,UA,13871,33316,13930,30977,7,0,5,0,0,,0,97,95,59,1,416,2,,,,,
4/1/2020,UA,15304,33195,12264,30852,-8,-1,-22,-2,0,,0,135,121,108,1,811,4,,,,,
4/1/2020,UA,15304,33195,12266,31453,-14,-1,-19,-2,0,,0,150,145,130,1,787,4,,,,,
4/1/2020,UA,14057,34057,14771,32457,,,,,1,D,0,110,,,1,550,3,,,,,
4/1/2020,UA,14908,32575,11292,30325,0,0,-9,-1,0,,0,135,126,106,1,846,4,,,,,
4/1/2020,UA,14679,33570,14771,32457,-12,-1,-36,-2,0,,0,99,75,63,1,447,2,,,,,
4/1/2020,UA,11042,30647,13204,31454,-10,-1,-21,-2,0,,0,146,135,111,1,895,4,,,,,
4/1/2020,UA,12264,30852,13930,30977,-4,-1,-15,-1,0,,0,125,114,96,1,588,3,,,,,
4/1/2020,UA,11618,31703,15024,34945,-10,-1,-27,-2,0,,0,253,236,216,1,1634,7,,,,,
4/1/2020,UA,11292,30325,13891,32575,,,,,1,D,0,139,,,1,819,4,,,,,
4/1/2020,UA,11618,31703,13930,30977,53,3,11,0,0,,0,168,126,103,1,719,3,,,,,
4/1/2020,UA,13495,33495,12266,31453,,,,,1,D,0,87,,,1,305,2,,,,,
4/1/2020,UA,11618,31703,13204,31454,,,,,1,D,0,173,,,1,937,4,,,,,
4/1/2020,UA,12266,31453,14908,32575,,,,,1,D,0,223,,,1,1346,6,,,,,
4/1/2020,UA,14771,32457,10721,30721,,,,,1,D,0,350,,,1,2704,11,,,,,
4/1/2020,UA,11292,30325,10620,30620,,,,,1,D,0,90,,,1,455,2,,,,,
4/1/2020,UA,14679,33570,12266,31453,,,,,1,D,0,188,,,1,1303,6,,,,,
4/1/2020,UA,11278,30852,13930,30977,,,,,1,D,0,141,,,1,612,3,,,,,
4/1/2020,UA,13930,30977,12264,30852,,,,,1,D,0,115,,,1,588,3,,,,,
4/1/2020,UA,14635,31714,13930,30977,-9,-1,-16,-2,0,,0,195,188,170,1,1120,5,,,,,
4/1/2020,UA,14492,34492,11618,31703,,,,,1,D,0,104,,,1,416,2,,,,,
4/1/2020,UA,11618,31703,13495,33495,,,,,1,D,0,209,,,1,1167,5,,,,,
4/1/2020,UA,12266,31453,10721,30721,,,,,1,D,0,230,,,1,1597,7,,,,,
4/1/2020,UA,13930,30977,14908,32575,,,,,1,D,0,272,,,1,1726,7,,,,,
4/1/2020,UA,12892,32575,12889,32211,,,,,1,D,0,74,,,1,236,1,,,,,
4/1/2020,UA,13930,30977,14524,34524,,,,,1,D,0,127,,,1,642,3,,,,,
4/1/2020,UA,14679,33570,11292,30325,,,,,1,D,0,142,,,1,853,4,,,,,
4/1/2020,UA,12892,32575,13930,30977,-10,-1,-40,-2,0,,0,249,219,200,1,1744,7,,,,,
4/1/2020,UA,10693,30693,11618,31703,,,,,1,D,0,140,,,1,748,3,,,,,
4/1/2020,UA,11298,30194,11292,30325,,,,,1,D,0,131,,,1,641,3,,,,,
4/1/2020,UA,11292,30325,14100,34100,,,,,1,D,0,214,,,1,1558,7,,,,,
4/1/2020,UA,12266,31453,14771,32457,-6,-1,-11,-1,0,,0,264,259,238,1,1635,7,,,,,
4/1/2020,UA,13495,33495,12266,31453,,,,,1,D,0,87,,,1,305,2,,,,,
4/1/2020,UA,13198,33198,13930,30977,,,,,1,D,0,94,,,1,403,2,,,,,
4/1/2020,UA,11618,31703,14771,32457,15,1,8,0,0,,0,376,369,351,1,2565,11,,,,,
4/1/2020,UA,14831,32457,11292,30325,-5,-1,-17,-2,0,,0,154,142,122,1,948,4,,,,,
4/1/2020,UA,12264,30852,15304,33195,38,2,16,1,0,,0,144,122,108,1,811,4,16,0,0,0,0
4/1/2020,UA,11618,31703,13930,30977,,,,,1,D,0,155,,,1,719,3,,,,,
4/1/2020,UA,13930,30977,12953,31703,,,,,1,D,0,134,,,1,733,3,,,,,
4/1/2020,UA,14771,32457,13930,30977,,,,,1,D,0,244,,,1,1846,8,,,,,
4/1/2020,UA,11618,31703,14771,32457,-2,-1,-13,-1,0,,0,383,372,351,1,2565,11,,,,,
4/1/2020,UA,11618,31703,10721,30721,,,,,1,D,0,69,,,1,200,1,,,,,
4/1/2020,UA,14747,30559,13930,30977,,,,,1,D,0,239,,,1,1721,7,,,,,
4/1/2020,UA,14771,32457,11292,30325,,,,,1,D,0,164,,,1,967,4,,,,,
4/1/2020,UA,13930,30977,14100,34100,,,,,1,D,0,133,,,1,678,3,,,,,
4/1/2020,UA,11618,31703,14771,32457,,,,,1,D,0,384,,,1,2565,11,,,,,
4/1/2020,UA,11292,30325,12266,31453,,,,,1,D,0,147,,,1,862,4,,,,,
4/1/2020,UA,12266,31453,14893,33192,,,,,1,D,0,260,,,1,1609,7,,,,,
4/1/2020,UA,13930,30977,14057,34057,,,,,1,D,0,266,,,1,1739,7,,,,,
4/1/2020,UA,14635,31714,11292,30325,,,,,1,D,0,254,,,1,1607,7,,,,,
4/1/2020,UA,13931,33667,13930,30977,,,,,1,D,0,138,,,1,717,3,,,,,
4/1/2020,UA,12264,30852,14747,30559,,,,,1,D,0,355,,,1,2306,10,,,,,
4/1/2020,UA,13930,30977,13487,31650,,,,,1,D,0,90,,,1,334,2,,,,,
4/1/2020,UA,12953,31703,11292,30325,-7,-1,-39,-2,0,,0,270,238,223,1,1620,7,,,,,
4/1/2020,UA,11618,31703,12892,32575,6,0,-24,-2,0,,0,356,326,304,1,2454,10,,,,,
4/1/2020,UA,12266,31453,11278,30852,,,,,1,D,0,180,,,1,1208,5,,,,,
4/1/2020,UA,11298,30194,11618,31703,,,,,1,D,0,212,,,1,1372,6,,,,,
4/1/2020,UA,14771,32457,14908,32575,-8,-1,-18,-2,0,,0,94,84,66,1,372,2,,,,,
4/1/2020,UA,12892,32575,12266,31453,,,,,1,D,0,197,,,1,1379,6,,,,,
4/1/2020,UA,13930,30977,14683,33214,,,,,1,D,0,185,,,1,1041,5,,,,,
4/1/2020,UA,14576,34576,13930,30977,0,0,-29,-2,0,,0,130,101,81,1,528,3,,,,,
4/1/2020,UA,12266,31453,14057,34057,,,,,1,D,0,274,,,1,1825,8,,,,,
4/1/2020,UA,14771,32457,12266,31453,,,,,1,D,0,211,,,1,1635,7,,,,,
4/1/2020,UA,11618,31703,11292,30325,,,,,1,D,0,275,,,1,1605,7,,,,,
4/1/2020,UA,13930,30977,12892,32575,,,,,1,D,0,270,,,1,1744,7,,,,,
4/1/2020,UA,13930,30977,12953,31703,,,,,1,D,0,133,,,1,733,3,,,,,
4/1/2020,UA,13930,30977,12953,31703,,,,,1,D,0,130,,,1,733,3,,,,,
4/1/2020,UA,14771,32457,14908,32575,,,,,1,D,0,92,,,1,372,2,,,,,
4/1/2020,UA,13930,30977,14747,30559,,,,,1,D,0,275,,,1,1721,7,,,,,
4/1/2020,UA,13930,30977,12953,31703,,,,,1,D,0,131,,,1,733,3,,,,,
4/1/2020,UA,13930,30977,14679,33570,,,,,1,D,0,267,,,1,1723,7,,,,,
4/1/2020,UA,14107,30466,14771,32457,-15,-1,-26,-2,0,,0,126,115,99,1,651,3,,,,,
4/1/2020,UA,12264,30852,13930,30977,,,,,1,D,0,132,,,1,588,3,,,,,
4/1/2020,UA,12266,31453,13495,33495,,,,,1,D,0,73,,,1,305,2,,,,,
4/1/2020,UA,14747,30559,14771,32457,-11,-1,-36,-2,0,,0,132,107,92,1,679,3,,,,,
4/1/2020,UA,14027,34027,11618,31703,,,,,1,D,0,169,,,1,1023,5,,,,,
4/1/2020,UA,13204,31454,11618,31703,-4,-1,-35,-2,0,,0,172,141,124,1,937,4,,,,,
4/1/2020,UA,11697,32467,11618,31703,-13,-1,-25,-2,0,,0,180,168,148,1,1065,5,,,,,
4/1/2020,UA,12266,31453,13930,30977,-5,-1,-26,-2,0,,0,165,144,123,1,925,4,,,,,
4/1/2020,UA,11292,30325,11298,30194,,,,,1,D,0,119,,,1,641,3,,,,,
4/1/2020,UA,12266,31453,14107,30466,,,,,1,D,0,172,,,1,1009,5,,,,,
4/1/2020,UA,12264,30852,14771,32457,-10,-1,-22,-2,0,,0,364,352,335,1,2419,10,,,,,
4/1/2020,UA,13930,30977,14679,33570,-10,-1,-14,-1,0,,0,264,260,242,1,1723,7,,,,,
4/1/2020,UA,13930,30977,13230,32070,,,,,1,D,0,115,,,1,594,3,,,,,
4/1/2020,UA,13930,30977,12266,31453,,,,,1,D,0,176,,,1,925,4,,,,,
4/1/2020,UA,12953,31703,12266,31453,,,,,1,D,0,249,,,1,1416,6,,,,,
4/1/2020,UA,13930,30977,12266,31453,,,,,1,D,0,176,,,1,925,4,,,,,
4/1/2020,UA,11292,30325,10721,30721,-7,-1,-17,-2,0,,0,236,226,210,1,1754,8,,,,,
4/1/2020,UA,11292,30325,12266,31453,,,,,1,D,0,144,,,1,862,4,,,,,
4/1/2020,UA,13930,30977,13303,32467,,,,,1,D,0,186,,,1,1197,5,,,,,
4/1/2020,UA,13930,30977,13931,33667,,,,,1,D,0,136,,,1,717,3,,,,,
4/1/2020,UA,13930,30977,12264,30852,-6,-1,-25,-2,0,,0,115,96,79,1,588,3,,,,,
4/1/2020,UA,13930,30977,12264,30852,,,,,1,D,0,108,,,1,588,3,,,,,
4/1/2020,UA,12266,31453,14771,32457,,,,,1,D,0,260,,,1,1635,7,,,,,
4/1/2020,UA,13930,30977,11042,30647,-14,-1,-26,-2,0,,0,71,59,44,1,315,2,,,,,
4/1/2020,UA,11618,31703,10397,30397,4,0,-21,-2,0,,0,143,118,100,1,746,3,,,,,
4/1/2020,UA,11298,30194,12264,30852,-13,-1,-35,-2,0,,0,172,150,135,1,1172,5,,,,,
4/1/2020,UA,14107,30466,13930,30977,,,,,1,D,0,204,,,1,1440,6,,,,,
4/1/2020,UA,14771,32457,12892,32575,,,,,1,D,0,100,,,1,337,2,,,,,
4/1/2020,UA,13303,32467,13930,30977,,,,,1,D,0,213,,,1,1197,5,,,,,
4/1/2020,UA,13930,30977,11618,31703,-6,-1,-38,-2,0,,0,141,109,94,1,719,3,,,,,
4/1/2020,UA,13930,30977,11298,30194,-15,-1,-28,-2,0,,0,155,142,114,1,801,4,,,,,
4/1/2020,UA,11292,30325,13486,33486,,,,,1,D,0,127,,,1,679,3,,,,,
4/1/2020,UA,14771,32457,12892,32575,,,,,1,D,0,89,,,1,337,2,,,,,
4/1/2020,UA,13930,30977,12266,31453,,,,,1,D,0,170,,,1,925,4,,,,,
4/1/2020,UA,13204,31454,13930,30977,,,,,1,D,0,184,,,1,1005,5,,,,,
4/1/2020,UA,12266,31453,12892,32575,,,,,1,D,0,220,,,1,1379,6,,,,,
4/1/2020,UA,10529,30529,12264,30852,-13,-1,-17,-2,0,,0,81,77,58,1,326,2,,,,,
4/1/2020,UA,13930,30977,11292,30325,,,,,1,D,0,169,,,1,888,4,,,,,
4/1/2020,UA,12266,31453,14679,33570,,,,,1,D,0,209,,,1,1303,6,,,,,
4/1/2020,UA,12889,32211,11292,30325,-4,-1,-22,-2,0,,0,117,99,84,1,628,3,,,,,
4/1/2020,UA,13198,33198,11292,30325,,,,,1,D,0,114,,,1,533,3,,,,,
4/1/2020,UA,12266,31453,14771,32457,,,,,1,D,0,263,,,1,1635,7,,,,,
4/1/2020,UA,13930,30977,11278,30852,-8,-1,-28,-2,0,,0,118,98,80,1,612,3,,,,,
4/1/2020,UA,13930,30977,12889,32211,-9,-1,-15,-1,0,,0,241,235,218,1,1514,7,,,,,
4/1/2020,UA,13930,30977,12892,32575,0,0,-11,-1,0,,0,274,263,244,1,1744,7,,,,,
4/1/2020,UA,12266,31453,14107,30466,,,,,1,D,0,180,,,1,1009,5,,,,,
4/1/2020,UA,15304,33195,12266,31453,-5,-1,-13,-1,0,,0,150,142,127,1,787,4,,,,,
4/1/2020,UA,12266,31453,11278,30852,,,,,1,D,0,182,,,1,1208,5,,,,,
4/1/2020,UA,12264,30852,11697,32467,,,,,1,D,0,165,,,1,901,4,,,,,
4/1/2020,UA,15024,34945,11618,31703,-33,-2,-67,-2,0,,0,270,236,219,1,1634,7,,,,,
4/1/2020,UA,10713,30713,11292,30325,,,,,1,D,0,116,,,1,649,3,,,,,
4/1/2020,UA,13158,33158,12266,31453,-17,-2,-38,-2,0,,0,95,74,55,1,429,2,,,,,
4/1/2020,UA,10821,30852,11292,30325,,,,,1,D,0,245,,,1,1491,6,,,,,
4/1/2020,UA,12266,31453,12892,32575,,,,,1,D,0,227,,,1,1379,6,,,,,
4/1/2020,UA,14100,34100,11292,30325,79,5,60,4,0,,0,254,235,218,1,1558,7,60,0,0,0,0
4/1/2020,UA,15304,33195,13930,30977,,,,,1,D,0,184,,,1,1011,5,,,,,
4/1/2020,UA,14771,32457,14057,34057,,,,,1,D,0,116,,,1,550,3,,,,,
4/1/2020,UA,13204,31454,12266,31453,-6,-1,-16,-2,0,,0,158,148,132,1,854,4,,,,,
4/1/2020,UA,10849,30849,11292,30325,0,0,6,0,0,,0,110,116,71,1,524,3,,,,,
4/1/2020,UA,13495,33495,11618,31703,-3,-1,-12,-1,0,,0,172,163,142,1,1167,5,,,,,
4/1/2020,UA,12264,30852,14771,32457,,,,,1,D,0,361,,,1,2419,10,,,,,
4/1/2020,UA,14893,33192,13930,30977,,,,,1,D,0,243,,,1,1781,8,,,,,
4/1/2020,UA,12264,30852,13204,31454,,,,,1,D,0,137,,,1,758,4,,,,,
4/1/2020,UA,13930,30977,14771,32457,,,,,1,D,0,294,,,1,1846,8,,,,,
4/1/2020,UA,13930,30977,10721,30721,,,,,1,D,0,146,,,1,867,4,,,,,
4/1/2020,UA,11697,32467,12264,30852,,,,,1,D,0,150,,,1,901,4,,,,,
4/1/2020,UA,14107,30466,12266,31453,,,,,1,D,0,153,,,1,1009,5,,,,,
4/1/2020,UA,11618,31703,10721,30721,-10,-1,-38,-2,0,,0,83,55,38,1,200,1,,,,,
4/1/2020,UA,13930,30977,10693,30693,,,,,1,D,0,98,,,1,409,2,,,,,
4/1/2020,UA,13930,30977,11618,31703,,,,,1,D,0,140,,,1,719,3,,,,,
4/1/2020,UA,13930,30977,14635,31714,-5,-1,-35,-2,0,,0,175,145,131,1,1120,5,,,,,
4/1/2020,UA,13204,31454,11042,30647,-10,-1,-14,-1,0,,0,145,141,123,1,895,4,,,,,
4/1/2020,UA,13930,30977,12889,32211,-2,-1,-16,-2,0,,0,250,236,213,1,1514,7,,,,,
4/1/2020,UA,11292,30325,13830,33830,,,,,1,D,0,463,,,1,3302,11,,,,,
4/1/2020,UA,12266,31453,13495,33495,,,,,1,D,0,76,,,1,305,2,,,,,
4/1/2020,UA,13930,30977,14107,30466,-5,-1,-26,-2,0,,0,244,223,209,1,1440,6,,,,,
4/1/2020,UA,11292,30325,11618,31703,-6,-1,-37,-2,0,,0,226,195,177,1,1605,7,,,,,
4/1/2020,UA,13930,30977,10257,30257,,,,,1,D,0,125,,,1,723,3,,,,,
4/1/2020,UA,14771,32457,13830,33830,,,,,1,D,0,345,,,1,2338,10,,,,,
4/1/2020,UA,13830,33830,14771,32457,-12,-1,-23,-2,0,,0,305,294,285,1,2338,10,,,,,
4/1/2020,UA,14771,32457,12758,32758,,,,,1,D,0,337,,,1,2367,10,,,,,
4/1/2020,UA,12889,32211,12892,32575,,,,,1,D,0,74,,,1,236,1,,,,,
4/1/2020,UA,14771,32457,13204,31454,,,,,1,D,0,324,,,1,2446,10,,,,,
4/1/2020,UA,12953,31703,12266,31453,,,,,1,D,0,252,,,1,1416,6,,,,,
4/1/2020,UA,14771,32457,12264,30852,,,,,1,D,0,316,,,1,2419,10,,,,,
4/1/2020,UA,13930,30977,10994,30994,,,,,1,D,0,131,,,1,760,4,,,,,
4/1/2020,UA,12402,32402,12892,32575,,,,,1,D,0,305,,,1,2449,10,,,,,
4/1/2020,UA,11278,30852,13930,30977,,,,,1,D,0,137,,,1,612,3,,,,,
4/1/2020,UA,12264,30852,10529,30529,,,,,1,D,0,86,,,1,326,2,,,,,
4/1/2020,UA,12892,32575,12266,31453,,,,,1,D,0,197,,,1,1379,6,,,,,
4/1/2020,UA,12953,31703,13930,30977,,,,,1,D,0,166,,,1,733,3,,,,,
4/1/2020,UA,13930,30977,10821,30852,,,,,1,D,0,118,,,1,621,3,,,,,
4/1/2020,UA,13930,30977,10529,30529,,,,,1,D,0,129,,,1,783,4,,,,,
4/1/2020,UA,11292,30325,13891,32575,,,,,1,D,0,141,,,1,819,4,,,,,
4/1/2020,UA,14771,32457,13930,30977,-3,-1,-45,-2,0,,0,265,223,203,1,1846,8,,,,,
4/1/2020,UA,14057,34057,13930,30977,,,,,1,D,0,241,,,1,1739,7,,,,,
4/1/2020,UA,14107,30466,11292,30325,,,,,1,D,0,105,,,1,602,3,,,,,
4/1/2020,UA,12266,31453,12892,32575,,,,,1,D,0,227,,,1,1379,6,,,,,
4/1/2020,UA,12892,32575,11618,31703,,,,,1,D,0,328,,,1,2454,10,,,,,
4/1/2020,UA,13871,33316,11292,30325,19,1,5,0,0,,0,104,90,75,1,472,2,,,,,
4/1/2020,UA,12892,32575,14771,32457,,,,,1,D,0,95,,,1,337,2,,,,,
4/1/2020,UA,13303,32467,13930,30977,-14,-1,-17,-2,0,,0,200,197,177,1,1197,5,,,,,
4/1/2020,UA,13303,32467,11618,31703,-7,-1,-29,-2,0,,0,183,161,144,1,1085,5,,,,,
4/1/2020,UA,13930,30977,13204,31454,,,,,1,D,0,168,,,1,1005,5,,,,,
4/1/2020,UA,11618,31703,12264,30852,,,,,1,D,0,83,,,1,212,1,,,,,
4/1/2020,UA,14771,32457,14107,30466,,,,,1,D,0,117,,,1,651,3,,,,,
4/1/2020,UA,11292,30325,12266,31453,,,,,1,D,0,145,,,1,862,4,,,,,
4/1/2020,UA,12266,31453,12953,31703,,,,,1,D,0,213,,,1,1416,6,,,,,
4/1/2020,UA,12892,32575,14771,32457,,,,,1,D,0,93,,,1,337,2,,,,,
4/1/2020,UA,13930,30977,11278,30852,,,,,1,D,0,114,,,1,612,3,,,,,
4/1/2020,UA,13487,31650,11292,30325,,,,,1,D,0,132,,,1,680,3,,,,,
4/1/2020,UA,12266,31453,13495,33495,,,,,1,D,0,76,,,1,305,2,,,,,
4/1/2020,UA,14492,34492,11618,31703,-10,-1,-28,-2,0,,0,98,80,60,1,416,2,,,,,
4/1/2020,UA,11292,30325,12892,32575,,,,,1,D,0,155,,,1,862,4,,,,,
4/1/2020,UA,13204,31454,12264,30852,,,,,1,D,0,129,,,1,758,4,,,,,
4/1/2020,UA,11292,30325,12892,32575,-1,-1,5,0,0,,0,149,155,119,1,862,4,,,,,
4/1/2020,UA,11618,31703,13930,30977,,,,,1,A,0,169,,,1,719,3,,,,,
4/1/2020,UA,12889,32211,11618,31703,,,,,1,D,0,304,,,1,2227,9,,,,,
4/1/2020,UA,14893,33192,11292,30325,,,,,1,D,0,143,,,1,909,4,,,,,
4/1/2020,UA,14771,32457,12892,32575,,,,,1,D,0,106,,,1,337,2,,,,,
4/1/2020,UA,13204,31454,12264,30852,,,,,1,D,0,127,,,1,758,4,,,,,
4/1/2020,UA,13930,30977,14107,30466,,,,,1,D,0,234,,,1,1440,6,,,,,
4/1/2020,UA,13204,31454,11292,30325,,,,,1,D,0,250,,,1,1546,7,,,,,
4/1/2020,UA,11618,31703,12892,32575,,,,,1,D,0,379,,,1,2454,10,,,,,
4/1/2020,UA,14635,31714,11042,30647,-8,-1,-19,-2,0,,0,159,148,135,1,1025,5,,,,,
4/1/2020,UA,13930,30977,12266,31453,,,,,1,D,0,176,,,1,925,4,,,,,
4/1/2020,UA,12266,31453,11292,30325,,,,,1,D,0,156,,,1,862,4,,,,,
4/1/2020,UA,14683,33214,11292,30325,-15,-1,-26,-2,0,,0,140,129,112,1,794,4,,,,,
4/1/2020,UA,12953,31703,13930,30977,,,,,1,D,0,165,,,1,733,3,,,,,
4/1/2020,UA,10721,30721,11618,31703,,,,,1,D,0,99,,,1,200,1,,,,,
4/1/2020,UA,12266,31453,13930,30977,-2,-1,-13,-1,0,,0,161,150,124,1,925,4,,,,,
4/1/2020,UA,14771,32457,12266,31453,,,,,1,D,0,237,,,1,1635,7,,,,,
4/1/2020,UA,12953,31703,13930,30977,,,,,1,D,0,154,,,1,733,3,,,,,
4/1/2020,UA,12266,31453,10693,30693,,,,,1,D,0,117,,,1,657,3,,,,,
4/1/2020,UA,13204,31454,11618,31703,,,,,1,D,0,166,,,1,937,4,,,,,
4/1/2020,UA,10721,30721,13930,30977,,,,,1,D,0,168,,,1,867,4,,,,,
4/1/2020,UA,10397,30397,11618,31703,,,,,1,D,0,146,,,1,746,3,,,,,
4/1/2020,UA,11066,31066,11292,30325,-24,-2,-26,-2,0,,0,195,193,172,1,1154,5,,,,,
4/1/2020,UA,13303,32467,12266,31453,-8,-1,-10,-1,0,,0,177,175,153,1,964,4,,,,,
4/1/2020,UA,13303,32467,12264,30852,-13,-1,-35,-2,0,,0,161,139,123,1,921,4,,,,,
4/1/2020,UA,11292,30325,10849,30849,-13,-1,-23,-2,0,,0,106,96,81,1,524,3,,,,,
4/1/2020,UA,14771,32457,11292,30325,,,,,1,D,0,152,,,1,967,4,,,,,
4/1/2020,UA,11278,30852,14771,32457,,,,,1,D,0,378,,,1,2442,10,,,,,
4/1/2020,UA,12266,31453,14771,32457,,,,,1,D,0,259,,,1,1635,7,,,,,
4/1/2020,UA,13930,30977,10994,30994,,,,,1,D,0,132,,,1,760,4,,,,,
4/1/2020,UA,13204,31454,11292,30325,-14,-1,-2,-1,0,,0,246,258,238,1,1546,7,,,,,
4/1/2020,UA,12892,32575,12266,31453,,,,,1,D,0,193,,,1,1379,6,,,,,
4/1/2020,UA,12892,32575,12889,32211,,,,,1,D,0,77,,,1,236,1,,,,,
4/1/2020,UA,11292,30325,11423,31423,,,,,1,D,0,101,,,1,589,3,,,,,
4/1/2020,UA,10423,30423,12266,31453,-12,-1,-31,-2,0,,0,60,41,27,1,140,1,,,,,
4/1/2020,UA,13204,31454,12266,31453,-3,-1,-8,-1,0,,0,161,156,140,1,854,4,,,,,
4/1/2020,UA,12266,31453,11618,31703,,,,,1,D,0,218,,,1,1400,6,,,,,
4/1/2020,UA,11618,31703,13204,31454,,,,,1,D,0,165,,,1,937,4,,,,,
4/1/2020,UA,14747,30559,13930,30977,,,,,1,D,0,242,,,1,1721,7,,,,,
4/1/2020,UA,12892,32575,12264,30852,,,,,1,D,0,287,,,1,2288,10,,,,,
4/1/2020,UA,12892,32575,14771,32457,,,,,1,D,0,93,,,1,337,2,,,,,
4/1/2020,UA,11292,30325,13930,30977,,,,,1,D,0,149,,,1,888,4,,,,,
4/1/2020,UA,13930,30977,11278,30852,-8,-1,-13,-1,0,,0,108,103,85,1,612,3,,,,,
4/1/2020,UA,12892,32575,11292,30325,-8,-1,-24,-2,0,,0,143,127,109,1,862,4,,,,,
4/1/2020,UA,12266,31453,14107,30466,,,,,1,D,0,180,,,1,1009,5,,,,,
4/1/2020,UA,11292,30325,14771,32457,-7,-1,3,0,0,,0,162,172,140,1,967,4,,,,,
4/1/2020,UA,14027,34027,11618,31703,,,,,1,D,0,181,,,1,1023,5,,,,,
4/1/2020,UA,12889,32211,14771,32457,,,,,1,D,0,101,,,1,414,2,,,,,
4/1/2020,UA,12266,31453,11292,30325,-3,-1,-14,-1,0,,0,156,145,123,1,862,4,,,,,
4/1/2020,UA,14679,33570,12266,31453,,,,,1,D,0,188,,,1,1303,6,,,,,
4/1/2020,UA,14771,32457,12889,32211,,,,,1,D,0,103,,,1,414,2,,,,,
4/1/2020,UA,12266,31453,13495,33495,,,,,1,D,0,76,,,1,305,2,,,,,
4/1/2020,UA,12889,32211,12264,30852,,,,,1,D,0,255,,,1,2065,9,,,,,
4/1/2020,UA,12266,31453,14771,32457,,,,,1,D,0,263,,,1,1635,7,,,,,
4/1/2020,UA,11697,32467,11042,30647,-18,-2,-27,-2,0,,0,171,162,147,1,1062,5,,,,,
4/1/2020,UA,13930,30977,10821,30852,,,,,1,D,0,117,,,1,621,3,,,,,
4/1/2020,UA,12889,32211,11292,30325,,,,,1,D,0,122,,,1,628,3,,,,,
4/1/2020,UA,12264,30852,14107,30466,,,,,1,D,0,311,,,1,1956,8,,,,,
4/1/2020,UA,10423,30423,12266,31453,,,,,1,D,0,69,,,1,140,1,,,,,
4/1/2020,UA,11292,30325,14908,32575,,,,,1,D,0,148,,,1,846,4,,,,,
4/1/2020,UA,13930,30977,14747,30559,,,,,1,D,0,271,,,1,1721,7,,,,,
4/1/2020,UA,13930,30977,15096,35096,,,,,1,D,0,108,,,1,607,3,,,,,
4/1/2020,UA,12889,32211,12266,31453,,,,,1,D,0,182,,,1,1222,5,,,,,
4/1/2020,UA,11278,30852,13930,30977,,,,,1,D,0,145,,,1,612,3,,,,,
4/1/2020,UA,12266,31453,15304,33195,,,,,1,D,0,130,,,1,787,4,,,,,
4/1/2020,UA,13930,30977,12892,32575,,,,,1,D,0,275,,,1,1744,7,,,,,
4/1/2020,UA,13830,33830,11292,30325,,,,,1,D,0,402,,,1,3302,11,,,,,
4/1/2020,UA,12266,31453,10423,30423,,,,,1,D,0,59,,,1,140,1,,,,,
4/1/2020,UA,14771,32457,13930,30977,,,,,1,D,0,261,,,1,1846,8,,,,,
